,identifier,word
0,11041.0.0,REVUE
1,11041.0.1,D’ASSYRIOLOGIE
2,11041.0.2,ET
3,11041.0.3,D’ARCHEOLOGIE
4,11041.0.4,ORIENTALE
5,11041.0.5,PUBLIEE
6,11041.0.6,SOUS
7,11041.0.7,LA
8,11041.0.8,DIRECTION
9,11041.0.9,DE
10,11041.0.10,GEORGES
11,11041.0.11,CONTENAU
12,11041.0.12,EDOUARD
13,11041.0.13,DHORME
14,11041.0.14,CONSERVATEUR
15,11041.0.15,EN
16,11041.0.16,CHEF
17,11041.0.17,HONORAIRE
18,11041.0.18,MEMBRE
19,11041.0.19,DE
20,11041.0.20,L'INSTITUT
21,11041.0.21,DES
22,11041.0.22,MUSEES
23,11041.0.23,DE
24,11041.0.24,FRANCE
25,11041.0.25,"PROF,"
26,11041.0.26,"HON,"
27,11041.0.27,AU
28,11041.0.28,COLLRGE
29,11041.0.29,DE
30,11041.0.30,FRANCE
31,11041.0.31,ANDRE
32,11041.0.32,PARROT
33,11041.0.33,CONSERVATEUR
34,11041.0.34,EN
35,11041.0.35,CHEF
36,11041.0.36,DES
37,11041.0.37,MUSEES
38,11041.0.38,NATIONAUX
39,11041.0.39,Secrétaire
40,11041.0.40,de
41,11041.0.41,rédaction
42,11041.0.42,:
43,11041.0.43,M.
44,11041.0.44,LAMBERT.
45,11041.0.45,LVle
46,11041.0.46,Volume
47,11041.0.47,Not
48,11041.0.48,1962
49,11041.0.49,JOURS
50,11041.0.50,PRESCRITS
51,11041.0.51,POUR
52,11041.0.52,LA
53,11041.0.53,CONFESSION
54,11041.0.54,DES
55,11041.0.55,PECHES
56,11041.0.56,par
57,11041.0.57,René
58,11041.0.58,LABAT
59,11041.0.59,La
60,11041.0.60,confession
61,11041.0.61,des
62,11041.0.62,péchés
63,11041.0.63,était
64,11041.0.64,pour
65,11041.0.65,les
66,11041.0.66,Akkadiens
67,11041.0.67,un
68,11041.0.68,acte
69,11041.0.69,important
70,11041.0.70,de
71,11041.0.71,leur
72,11041.0.72,vie
73,11041.0.73,"religieuse’,"
74,11041.0.74,Ils
75,11041.0.75,la
76,11041.0.76,désignaient
77,11041.0.77,par
78,11041.0.78,l'expression
79,11041.0.79,Sigd
80,11041.0.80,Sasi
81,11041.0.81,«
82,11041.0.82,dire
83,11041.0.83,A
84,11041.0.84,haute
85,11041.0.85,voix
86,11041.0.86,le
87,11041.0.87,psaume
88,11041.0.88,de
89,11041.0.89,pénitence
90,11041.0.90,"»,"
91,11041.0.91,et
92,11041.0.92,ils
93,11041.0.93,y
94,11041.0.94,"recouraient,"
95,11041.0.95,chaque
96,11041.0.96,fois
97,11041.0.97,qu'il
98,11041.0.98,leur
99,11041.0.99,paraissait
100,11041.0.100,nécessaire
101,11041.0.101,de
102,11041.0.102,se
103,11041.0.103,libérer
104,11041.0.104,d’un
105,11041.0.105,péché.
106,11041.0.106,Peu
107,11041.0.107,importait
108,11041.0.108,d’ailleurs
109,11041.0.109,qu’ils
110,11041.0.110,eussent
111,11041.0.111,réellement
112,11041.0.112,commis
113,11041.0.113,la
114,11041.0.114,faute
115,11041.0.115,ineriminée
116,11041.0.116,ou
117,11041.0.117,qu’ils
118,11041.0.118,en
119,11041.0.119,fussent
120,11041.0.120,simplement
121,11041.0.121,tenus
122,11041.0.122,pour
123,11041.0.123,responsables.
124,11041.0.124,Suivant
125,11041.0.125,sa
126,11041.0.126,"gravité,"
127,11041.0.127,suivant
128,11041.0.128,aussi
129,11041.0.129,la
130,11041.0.130,responsabilité
131,11041.0.131,sociale
132,11041.0.132,du
133,11041.0.133,"pécheur,"
134,11041.0.134,la
135,11041.0.135,confession
136,11041.0.136,s'insérait
137,11041.0.137,alors
138,11041.0.138,dans
139,11041.0.139,des
140,11041.0.140,rituels
141,11041.0.141,plus
142,11041.0.142,ou
143,11041.0.143,moins
144,11041.0.144,"compliqués?,"
145,11041.0.145,nécessitant
146,11041.0.146,la
147,11041.0.147,présence
148,11041.0.148,d’un
149,11041.0.149,"prétre,"
150,11041.0.150,sinon
151,11041.0.151,de
152,11041.0.152,"plusieurs,"
153,11041.0.153,qui
154,11041.0.154,intercédaient
155,11041.0.155,en
156,11041.0.156,sa
157,11041.0.157,faveur
158,11041.0.158,auiprés
159,11041.0.159,de
160,11041.0.160,la
161,11041.0.161,divinité
162,11041.0.162,courroucée.
163,11041.0.163,"Mais,"
164,11041.0.164,outre
165,11041.0.165,ces
166,11041.0.166,cas
167,11041.0.167,"accidentels,"
168,11041.0.168,la
169,11041.0.169,récitation
170,11041.0.170,du
171,11041.0.171,sigd
172,11041.0.172,était
173,11041.0.173,lige
174,11041.0.174,de
175,11041.0.175,fagon
176,11041.0.176,réguliére
177,11041.0.177,a
178,11041.0.178,certains
179,11041.0.179,jours
180,11041.0.180,du
181,11041.0.181,"mois,"
182,11041.0.182,le
183,11041.0.183,"6,"
184,11041.0.184,le
185,11041.0.185,"16,"
186,11041.0.186,le
187,11041.0.187,26
188,11041.0.188,et
189,11041.0.189,le
190,11041.0.190,28%.
191,11041.0.191,A
192,11041.0.192,chacune
193,11041.0.193,de
194,11041.0.194,ces
195,11041.0.195,"dates,"
196,11041.0.196,le
197,11041.0.197,calendrier
198,11041.0.198,religieux
199,11041.0.199,la
200,11041.0.200,"mentionne,"
201,11041.0.201,tantot
202,11041.0.202,pour
203,11041.0.203,'ordonner
204,11041.0.204,de
205,11041.0.205,facon
206,11041.0.206,"formelle,"
207,11041.0.207,tantot
208,11041.0.208,pour
209,11041.0.209,"interdire,"
210,11041.0.210,Lorsqu’elle
211,11041.0.211,y
212,11041.0.212,était
213,11041.0.213,"prescrite,"
214,11041.0.214,c’est
215,11041.0.215,a
216,11041.0.216,son
217,11041.0.217,dieu
218,11041.0.218,personnel
219,11041.0.219,que
220,11041.0.220,l’adressait
221,11041.0.221,le
222,11041.0.222,"fidéle’,"
223,11041.0.223,et
224,11041.0.224,non
225,11041.0.225,a
226,11041.0.226,telle
227,11041.0.227,ou
228,11041.0.228,telle
229,11041.0.229,divinité
230,11041.0.230,du
231,11041.0.231,"panthéon,"
232,11041.0.232,ni
233,11041.0.233,méme
234,11041.0.234,au
235,11041.0.235,dieu
236,11041.0.236,"Adad,"
237,11041.0.237,dont
238,11041.0.238,pourtant
239,11041.0.239,le
240,11041.0.240,nombre
241,11041.0.241,"symbolique,"
242,11041.0.242,"6,"
243,11041.0.243,avait
244,11041.0.244,"vraisemblablement,"
245,11041.0.245,déterminé
246,11041.0.246,le
247,11041.0.247,choix
248,11041.0.248,des
249,11041.0.249,jours
250,11041.0.250,réservés
251,11041.0.251,a
252,11041.0.252,ce
253,11041.0.253,rite.
254,11041.0.254,1.
255,11041.0.255,Sur
256,11041.0.256,le
257,11041.0.257,probléme
258,11041.0.258,général
259,11041.0.259,de
260,11041.0.260,la
261,11041.0.261,confession
262,11041.0.262,des
263,11041.0.263,"péchés,"
264,11041.0.264,ef.
265,11041.0.265,R.
266,11041.0.266,Pertazzont
267,11041.0.267,:
268,11041.0.268,La
269,11041.0.269,Confession
270,11041.0.270,des
271,11041.0.271,péchés
272,11041.0.272,(Bibliotheque
273,11041.0.273,historique
274,11041.0.274,des
275,11041.0.275,"Religions),"
276,11041.0.276,"1931-1932,"
277,11041.0.277,2.
278,11041.0.278,Par
279,11041.0.279,"exemple,"
280,11041.0.280,le
281,11041.0.281,rituel
282,11041.0.282,du
283,11041.0.283,bil
284,11041.0.284,rimki.
285,11041.0.285,3.
286,11041.0.286,B.
287,11041.0.287,Lanpsnencen
288,11041.0.288,:
289,11041.0.289,Der
290,11041.0.290,kultische
291,11041.0.291,Kalender
292,11041.0.292,der
293,11041.0.293,Babylonier
294,11041.0.294,und
295,11041.0.295,Assyrer
296,11041.0.296,(LSS
297,11041.0.297,VI
298,11041.0.298,"1/2,"
299,11041.0.299,"1915),"
300,11041.0.300,p.
301,11041.0.301,114-118.
302,11041.0.302,4
303,11041.0.303,Ch.
304,11041.0.304,K
305,11041.0.305,"2581,"
306,11041.0.306,9
307,11041.0.307,ot
308,11041.0.308,7
309,11041.0.309,:
310,11041.0.310,bib
311,11041.0.311,wa
312,11041.0.312,a-na
313,11041.0.313,piNotn-si
314,11041.0.314,Si-gu-it
315,11041.0.315,GU-si
316,11041.0.316,(cité
317,11041.0.317,par
318,11041.0.318,B.
319,11041.0.319,Lanpsnencen
320,11041.0.320,:
321,11041.0.321,op.
322,11041.0.322,"cil.,"
323,11041.0.323,p.
324,11041.0.324,118).
325,11041.0.325,Revue
326,11041.0.326,i’
327,11041.0.327,"Assyriologie,"
328,11041.0.328,LVI.
329,11041.0.329,1
330,11041.1.0,2
331,11041.1.1,RENE
332,11041.1.2,LABAT
333,11041.1.3,[RA
334,11041.1.4,56
335,11041.1.5,La
336,11041.1.6,confession
337,11041.1.7,proprement
338,11041.1.8,dite
339,11041.1.9,était
340,11041.1.10,précédée
341,11041.1.11,d’un
342,11041.1.12,acte
343,11041.1.13,de
344,11041.1.14,"contrition,"
345,11041.1.15,que
346,11041.1.16,nous
347,11041.1.17,fait
348,11041.1.18,connaitre
349,11041.1.19,un
350,11041.1.20,passage
351,11041.1.21,de
352,11041.1.22,la
353,11041.1.23,tablette
354,11041.1.24,inédite
355,11041.1.25,K.
356,11041.1.26,25811.
357,11041.1.27,Il
358,11041.1.28,se
359,11041.1.29,terminait
360,11041.1.30,par
361,11041.1.31,les
362,11041.1.32,mots
363,11041.1.33,:
364,11041.1.34,«
365,11041.1.35,O
366,11041.1.36,mon
367,11041.1.37,"dieu,"
368,11041.1.38,délivre(-moi
369,11041.1.39,du
370,11041.1.40,"mal),"
371,11041.1.41,6
372,11041.1.42,ma
373,11041.1.43,"déesse,"
374,11041.1.44,éloigne(-le
375,11041.1.45,de
376,11041.1.46,moi)
377,11041.1.47,;
378,11041.1.48,faites
379,11041.1.49,que
380,11041.1.50,mes
381,11041.1.51,péchés
382,11041.1.52,se
383,11041.1.53,tournent
384,11041.1.54,en
385,11041.1.55,bonnes
386,11041.1.56,actions!
387,11041.1.57,»
388,11041.1.58,Le
389,11041.1.59,pécheur
390,11041.1.60,le
391,11041.1.61,répétait
392,11041.1.62,sept
393,11041.1.63,"fois?,"
394,11041.1.64,avant
395,11041.1.65,de
396,11041.1.66,commencer
397,11041.1.67,l’énumération
398,11041.1.68,de
399,11041.1.69,ses
400,11041.1.70,fautes*.
401,11041.1.71,La
402,11041.1.72,récitation
403,11041.1.73,du
404,11041.1.74,Sigt
405,11041.1.75,imposait
406,11041.1.76,le
407,11041.1.77,plus
408,11041.1.78,souvent
409,11041.1.79,a
410,11041.1.80,celui
411,11041.1.81,qui
412,11041.1.82,la
413,11041.1.83,faisait
414,11041.1.84,l’obligation
415,11041.1.85,de
416,11041.1.86,changer
417,11041.1.87,ou
418,11041.1.88,de
419,11041.1.89,purifier
420,11041.1.90,ses
421,11041.1.91,vétements.
422,11041.1.92,Mais
423,11041.1.93,les
424,11041.1.94,deux
425,11041.1.95,rites
426,11041.1.96,n’allaient
427,11041.1.97,pas
428,11041.1.98,rement
429,11041.1.99,de
430,11041.1.100,pair.
431,11041.1.101,Parfois
432,11041.1.102,"aussi,"
433,11041.1.103,elle
434,11041.1.104,s’accompagnait
435,11041.1.105,de
436,11041.1.106,certains
437,11041.1.107,gestes
438,11041.1.108,de
439,11041.1.109,libération
440,11041.1.110,plus
441,11041.1.111,ou
442,11041.1.112,moins
443,11041.1.113,"symboliques,"
444,11041.1.114,tels
445,11041.1.115,que
446,11041.1.116,le
447,11041.1.117,lacher
448,11041.1.118,d’un
449,11041.1.119,oiseau
450,11041.1.120,"captif,"
451,11041.1.121,Vélargissement
452,11041.1.122,d’un
453,11041.1.123,"prisonnier,"
454,11041.1.124,ou
455,11041.1.125,la
456,11041.1.126,remise
457,11041.1.127,d'un
458,11041.1.128,gage’.
459,11041.1.129,Ces
460,11041.1.130,gestes
461,11041.1.131,avaient
462,11041.1.132,pour
463,11041.1.133,but
464,11041.1.134,d’amorcer
465,11041.1.135,en
466,11041.1.136,quelque
467,11041.1.137,sorte
468,11041.1.138,un
469,11041.1.139,processus
470,11041.1.140,de
471,11041.1.141,délivrance
472,11041.1.142,"et,"
473,11041.1.143,"partant,"
474,11041.1.144,de
475,11041.1.145,favoriser
476,11041.1.146,Vexpulsion
477,11041.1.147,du_péché®.
478,11041.1.148,Ces
479,11041.1.149,diverses
480,11041.1.150,prescriptions
481,11041.1.151,se
482,11041.1.152,retrouvent
483,11041.1.153,aussi
484,11041.1.154,bien
485,11041.1.155,dans
486,11041.1.156,le
487,11041.1.157,calendrier
488,11041.1.158,royal
489,11041.1.159,Enbu
490,11041.1.160,bél
491,11041.1.161,arkim®
492,11041.1.162,que
493,11041.1.163,dans
494,11041.1.164,les
495,11041.1.165,hémérologies
496,11041.1.166,"courantes,"
497,11041.1.167,destinées
498,11041.1.168,au
499,11041.1.169,commun
500,11041.1.170,des
501,11041.1.171,mortels’.
502,11041.1.172,Elles
503,11041.1.173,y
504,11041.1.174,font
505,11041.1.175,alors
506,11041.1.176,partie
507,11041.1.177,des
508,11041.1.178,multiples
509,11041.1.179,obligations
510,11041.1.180,"religieuses,"
511,11041.1.181,"offrandes,"
512,11041.1.182,"priéres,"
513,11041.1.183,jetines
514,11041.1.184,et
515,11041.1.185,"interdits,"
516,11041.1.186,"auxquelles,"
517,11041.1.187,suivant
518,11041.1.188,les
519,11041.1.189,jours
520,11041.1.190,et
521,11041.1.191,les
522,11041.1.192,"mois,"
523,11041.1.193,était
524,11041.1.194,tenu
525,11041.1.195,de
526,11041.1.196,se
527,11041.1.197,conformer
528,11041.1.198,le
529,11041.1.199,fidéle.
530,11041.1.200,"Mais,"
531,11041.1.201,dans
532,11041.1.202,cet
533,11041.1.203,"ensemble,"
534,11041.1.204,la
535,11041.1.205,confession
536,11041.1.206,et
537,11041.1.207,ses
538,11041.1.208,rites
539,11041.1.209,annexes
540,11041.1.210,constituaient
541,11041.1.211,sans
542,11041.1.212,doute
543,11041.1.213,des
544,11041.1.214,données
545,11041.1.215,particulisrement
546,11041.1.216,importantes.
547,11041.1.217,Elles
548,11041.1.218,"pouvaient,"
549,11041.1.219,en
550,11041.1.220,"effet,"
551,11041.1.221,faire
552,11041.1.222,Vobjet.
553,11041.1.223,de
554,11041.1.224,textes
555,11041.1.225,particuliers.
556,11041.1.226,Depuis
557,11041.1.227,longtemps
558,11041.1.228,"déja,"
559,11041.1.229,on
560,11041.1.230,connait
561,11041.1.231,un
562,11041.1.232,fragment
563,11041.1.233,de
564,11041.1.234,une
565,11041.1.235,de
566,11041.1.236,ces
567,11041.1.237,"tablettes,"
568,11041.1.238,K.
569,11041.1.239,7287.
570,11041.1.240,I
571,11041.1.241,avait
572,11041.1.242,été
573,11041.1.243,publié
574,11041.1.244,par
575,11041.1.245,Ch.
576,11041.1.246,"VrRoLLEAuD,"
577,11041.1.247,au
578,11041.1.248,début
579,11041.1.249,de
580,11041.1.250,ce
581,11041.1.251,"siecle’,"
582,11041.1.252,et
583,11041.1.253,B.
584,11041.1.254,LANDSBERGER
585,11041.1.255,Vavait
586,11041.1.256,utilisé
587,11041.1.257,dans
588,11041.1.258,son
589,11041.1.259,étude
590,11041.1.260,fondamentale
591,11041.1.261,sur
592,11041.1.262,le
593,11041.1.263,calendrier.
594,11041.1.264,Tl
595,11041.1.265,était
596,11041.1.266,malheureusement
597,11041.1.267,de
598,11041.1.268,peu
599,11041.1.269,"détendue,"
600,11041.1.270,et
601,11041.1.271,ne
602,11041.1.272,nous
603,11041.1.273,conservait
604,11041.1.274,que
605,11041.1.275,les
606,11041.1.276,indications
607,11041.1.277,relati
608,11041.1.278,au
609,11041.1.279,deuxiéme
610,11041.1.280,et
611,11041.1.281,au
612,11041.1.282,troisisme
613,11041.1.283,mois
614,11041.1.284,normaux
615,11041.1.285,de
616,11041.1.286,année.
617,11041.1.287,Grace
618,11041.1.288,a
619,11041.1.289,la
620,11041.1.290,diligente
621,11041.1.291,prospection
622,11041.1.292,que
623,11041.1.293,W.
624,11041.1.294,G.
625,11041.1.295,Lampert
626,11041.1.296,a
627,11041.1.297,faite
628,11041.1.298,parmi
629,11041.1.299,les
630,11041.1.300,inédits
631,11041.1.301,du
632,11041.1.302,Brilish
633,11041.1.303,"Museum,"
634,11041.1.304,j’ai
635,11041.1.305,pu
636,11041.1.306,"retrouver,"
637,11041.1.307,dans
638,11041.1.308,ses
639,11041.1.309,"notes,"
640,11041.1.310,deux
641,11041.1.311,autres
642,11041.1.312,fragments
643,11041.1.313,du
644,11041.1.314,méme
645,11041.1.315,texte®.
646,11041.1.316,Ils
647,11041.1.317,se
648,11041.1.318,juxtaposent
649,11041.1.319,tres
650,11041.1.320,exactement
651,11041.1.321,de
652,11041.1.322,part
653,11041.1.323,et
654,11041.1.324,d’autre
655,11041.1.325,du
656,11041.1.326,morceau
657,11041.1.327,déja
658,11041.1.328,connu.
659,11041.1.329,.
660,11041.1.330,Face
661,11041.1.331,11-17.
662,11041.1.332,1
663,11041.1.333,2.
664,11041.1.334,an-nam
665,11041.1.335,7-5
666,11041.1.336,"DUG,.GA-Md"
667,11041.1.337,"ifaw],"
668,11041.1.338,K.
669,11041.1.339,"2681,"
670,11041.1.340,18.
671,11041.1.341,3
672,11041.1.342,.
673,11041.1.343,ma-la
674,11041.1.344,lib-[bi
675,11041.1.345,iqabl
676,11041.1.346,","
677,11041.1.347,19.
678,11041.1.348,4.
679,11041.1.349,B.
680,11041.1.350,LANDspercer
681,11041.1.351,:
682,11041.1.352,op.
683,11041.1.353,"cit.,"
684,11041.1.354,114
685,11041.1.355,sq.
686,11041.1.356,5.
687,11041.1.357,Le
688,11041.1.358,pécheur
689,11041.1.359,était
690,11041.1.360,en
691,11041.1.361,quelque
692,11041.1.362,sorle
693,11041.1.363,considéré
694,11041.1.364,comme
695,11041.1.365,le
696,11041.1.366,«
697,11041.1.367,prisonnier
698,11041.1.368,»
699,11041.1.369,de
700,11041.1.370,sa
701,11041.1.371,faute:
702,11041.1.372,ef.
703,11041.1.373,IV
704,11041.1.374,"R,"
705,11041.1.375,"54,"
706,11041.1.376,n°
707,11041.1.377,(St.
708,11041.1.378,Lanapon
709,11041.1.379,:
710,11041.1.380,OECT
711,11041.1.381,"VI,"
712,11041.1.382,p.
713,11041.1.383,"63),"
714,11041.1.384,"24,"
715,11041.1.385,ina
716,11041.1.386,ba-ad
717,11041.1.387,Ser-ti-a
718,11041.1.388,ka-sa-
719,11041.1.389,da-a-(sti|
720,11041.1.390,«
721,11041.1.391,&
722,11041.1.392,la
723,11041.1.393,porte
724,11041.1.394,de
725,11041.1.395,ton
726,11041.1.396,chatiment
727,11041.1.397,[ses]
728,11041.1.398,bras
729,11041.1.399,cont
730,11041.1.400,enchatnés
731,11041.1.401,"»,"
732,11041.1.402,et
733,11041.1.403,1.
734,11041.1.404,"35,"
735,11041.1.405,[R-pi]
736,11041.1.406,il-lu-ur-ta-St
737,11041.1.407,pu-fur
738,11041.1.408,ma-ak-si-8t.
739,11041.1.409,«rise
740,11041.1.410,ses
741,11041.1.411,"menottes,"
742,11041.1.412,délie
743,11041.1.413,son
744,11041.1.414,lien
745,11041.1.415,»
746,11041.1.416,(pour
747,11041.1.417,la
748,11041.1.418,restitution
749,11041.1.419,de
750,11041.1.420,"hi-pi,"
751,11041.1.421,ef.
752,11041.1.422,ZA
753,11041.1.423,"TV,"
754,11041.1.424,"240,"
755,11041.1.425,"IV,"
756,11041.1.426,1).
757,11041.1.427,6.
758,11041.1.428,B.
759,11041.1.429,LANDSBERGER
760,11041.1.430,:
761,11041.1.431,op.
762,11041.1.432,"cil.,"
763,11041.1.433,p-
764,11041.1.434,101-105.
765,11041.1.435,.
766,11041.1.436,7.
767,11041.1.437,RB
768,11041.1.438,Lanar
769,11041.1.439,:
770,11041.1.440,Hémérologies
771,11041.1.441,et
772,11041.1.442,ménologies
773,11041.1.443,d’Assur
774,11041.1.444,(1939)
775,11041.1.445,;
776,11041.1.446,Nouveaux
777,11041.1.447,textes
778,11041.1.448,hémérologiques
779,11041.1.449,"d’Assur,"
780,11041.1.450,MIO
781,11041.1.451,"Vj,"
782,11041.1.452,209-345.
783,11041.1.453,&.
784,11041.1.454,"Ch,"
785,11041.1.455,VinoLLEaun
786,11041.1.456,:
787,11041.1.457,Fragments
788,11041.1.458,de
789,11041.1.459,teates
790,11041.1.460,divinatoires
791,11041.1.461,assyriens
792,11041.1.462,du
793,11041.1.463,Musée
794,11041.1.464,britannique
795,11041.1.465,"(London,"
796,11041.1.466,1903).
797,11041.1.467,+
798,11041.1.468,"9,"
799,11041.1.469,Qu'il
800,11041.1.470,soit
801,11041.1.471,ici
802,11041.1.472,remereié
803,11041.1.473,de
804,11041.1.474,la
805,11041.1.475,libéralité
806,11041.1.476,avee
807,11041.1.477,laquelle
808,11041.1.478,il
809,11041.1.479,nous
810,11041.1.480,a
811,11041.1.481,permis
812,11041.1.482,de
813,11041.1.483,prendre
814,11041.1.484,connaissance
815,11041.1.485,de
816,11041.1.486,son
817,11041.1.487,dépouil-
818,11041.1.488,"lement,"
819,11041.1.489,ainsi
820,11041.1.490,que
821,11041.1.491,la
822,11041.1.492,Direction
823,11041.1.493,du
824,11041.1.494,"Département,"
825,11041.1.495,du
826,11041.1.496,British
827,11041.1.497,"Museum,"
828,11041.1.498,qui
829,11041.1.499,nous
830,11041.1.500,@
831,11041.1.501,fourni
832,11041.1.502,la
833,11041.1.503,photographie
834,11041.1.504,de
835,11041.1.505,ces
836,11041.1.506,textes
837,11041.1.507,et
838,11041.1.508,nous
839,11041.1.509,a
840,11041.1.510,autorisé
841,11041.1.511,a
842,11041.1.512,les
843,11041.1.513,publier
844,11041.1.514,ici.
845,11041.1.515,=)
846,11041.1.516,tee
847,11041.1.517,K.
848,11041.1.518,4131
849,11041.1.519,+
850,11041.1.520,7287
851,11041.1.521,+
852,11041.1.522,9425
853,11041.2.0,[RA
854,11041.2.1,56
855,11041.2.2,RENE
856,11041.2.3,LABAT
857,11041.2.4,4
858,11041.2.5,le
859,11041.2.6,"second,"
860,11041.2.7,K.
861,11041.2.8,"4131,"
862,11041.2.9,y
863,11041.2.10,ajoute
864,11041.2.11,tout
865,11041.2.12,j
866,11041.2.13,reconstitué
867,11041.2.14,demeure
868,11041.2.15,encore
869,11041.2.16,sections.
870,11041.2.17,qu’il
871,11041.2.18,devait
872,11041.2.19,initia-
873,11041.2.20,dans
874,11041.2.21,les
875,11041.2.22,s
876,11041.2.23,des
877,11041.2.24,hémérologies.
878,11041.2.25,que
879,11041.2.26,peu
880,11041.2.27,ssages
881,11041.2.28,de
882,11041.2.29,celles-ci.
883,11041.2.30,Le
884,11041.2.31,"premier,"
885,11041.2.32,K.
886,11041.2.33,"9425,"
887,11041.2.34,restitue
888,11041.2.35,le
889,11041.2.36,début
890,11041.2.37,du
891,11041.2.38,document
892,11041.2.39,|
893,11041.2.40,e
894,11041.2.41,»K
895,11041.2.42,:
896,11041.2.43,ou
897,11041.2.44,partie
898,11041.2.45,des
899,11041.2.46,six
900,11041.2.47,par
901,11041.2.48,aphes
902,11041.2.49,suivants.
903,11041.2.50,Le
904,11041.2.51,texte
905,11041.2.52,ains!
906,11041.2.53,agri
907,11041.2.54,comprend
908,11041.2.55,désormais
909,11041.2.56,dix
910,11041.2.57,des
911,11041.2.58,:
912,11041.2.59,Comme
913,11041.2.60,on
914,11041.2.61,le
915,11041.2.62,verra
916,11041.2.63,par
917,11041.2.64,les
918,11041.2.65,comparaison:
919,11041.2.66,p
920,11041.2.67,ment
921,11041.2.68,les
922,11041.2.69,indications
923,11041.2.70,correspondan
924,11041.2.71,"porte,"
925,11041.2.72,pour
926,11041.2.73,la
927,11041.2.74,connaissance
928,11041.2.75,du
929,11041.2.76,{-il
930,11041.2.77,de
931,11041.2.78,corriger
932,11041.2.79,ou
933,11041.2.80,de
934,11041.2.81,compléter
935,11041.2.82,divers
936,11041.2.83,pa:
937,11041.2.84,incomplet.
938,11041.2.85,Mais
939,11041.2.86,il
940,11041.2.87,lement
941,11041.2.88,comporter.
942,11041.2.89,il
943,11041.2.90,reproduit
944,11041.2.91,assez
945,11041.2.92,fidéle!
946,11041.2.93,de
947,11041.2.94,ce
948,11041.2.95,"fait,"
949,11041.2.96,il
950,11041.2.97,ne
951,11041.2.98,nous
952,11041.2.99,ap)
953,11041.2.100,"nouveaux,"
954,11041.2.101,du
955,11041.2.102,moins
956,11041.2.103,perme
957,11041.2.104,TRANSCRIPTION
958,11041.2.105,ina
959,11041.2.106,rrt.BAR
960,11041.2.107,uD.6.KAM
961,11041.2.108,Si-gu-t
962,11041.2.109,lu-bu-ug-la
963,11041.2.110,wb-ba-ab
964,11041.2.111,LG.
965,11041.2.112,BI]
966,11041.2.113,up.16.KAm
967,11041.2.114,$i-gu}-t
968,11041.2.115,li-is-s[i]
969,11041.2.116,x
970,11041.2.117,.
971,11041.2.118,‘
972,11041.2.119,-bu-us-la
973,11041.2.120,ub-ba-ab
974,11041.2.121,S|A.HUL.
975,11041.2.122,ote.
976,11041.2.123,eat
977,11041.2.124,_
978,11041.2.125,26.Kkm
979,11041.2.126,TLL
980,11041.2.127,lu-bu-us-jta
981,11041.2.128,(!)
982,11041.2.129,ub-ba-ab
983,11041.2.130,8A.
984,11041.2.131,DUG.
985,11041.2.132,up.28.kAm
986,11041.2.133,IV
987,11041.2.134,fi-su]
988,11041.2.135,DAGAL.LA®
989,11041.2.136,]
990,11041.2.137,ina
991,11041.2.138,111
992,11041.2.139,BAR.
993,11041.2.140,I1.KAM
994,11041.2.141,up.6.
995,11041.2.142,KAM]
996,11041.2.143,gi-gu-t
997,11041.2.144,la
998,11041.2.145,i-Sa-as-st
999,11041.2.146,in
1000,11041.2.147,Hl.
1001,11041.2.148,A
1002,11041.2.149,;
1003,11041.2.150,la
1004,11041.2.151,ub-ba-ab
1005,11041.2.152,LJG.Br
1006,11041.2.153,SA
1007,11041.2.154,NU
1008,11041.2.155,DUG.GAT
1009,11041.2.156,[
1010,11041.2.157,up.16.KAmM
1011,11041.2.158,$i-gu-t
1012,11041.2.159,la
1013,11041.2.160,i-Sa-as|-si
1014,11041.2.161,1BIL.
1015,11041.2.162,.16.
1016,11041.2.163,[si
1017,11041.2.164,mpm
1018,11041.2.165,10
1019,11041.2.166,up.26.Khm
1020,11041.2.167,II]
1021,11041.2.168,ana
1022,11041.2.169,Ka
1023,11041.2.170,tzza
1024,11041.2.171,up.28.Kim
1025,11041.2.172,IV.
1026,11041.2.173,cij@
1027,11041.2.174,i-sa-bat-su
1028,11041.2.175,a-Su
1029,11041.2.176,&-su
1030,11041.2.177,Nu
1031,11041.2.178,i-be-el®
1032,11041.2.179,s-si
1033,11041.2.180,i-ul-la
1034,11041.2.181,w
1035,11041.2.182,t-hal-laq?
1036,11041.2.183,am
1037,11041.2.184,gi-gu-t
1038,11041.2.185,la
1039,11041.2.186,i-§)a-(a}
1040,11041.2.187,{ina
1041,11041.2.188,1T1.GUD
1042,11041.2.189,up.6.KAM
1043,11041.2.190,3i-g!
1044,11041.2.191,“
1045,11041.2.192,up.16.KAm
1046,11041.2.193,IL
1047,11041.2.194,fji-bi
1048,11041.2.195,pincrR
1049,11041.2.196,a-na
1050,11041.2.197,up.26.KAm
1051,11041.2.198,III
1052,11041.2.199,|LU.BI
1053,11041.2.200,MAN
1054,11041.2.201,DIB
1055,11041.2.202,.
1056,11041.2.203,kim]
1057,11041.2.204,IV
1058,11041.2.205,LU.NE
1059,11041.2.206,ir-te-ne-ed-di-Su
1060,11041.2.207,313
1061,11041.2.208,ina
1062,11041.2.209,ITI.SIGq}
1063,11041.2.210,UD
1064,11041.2.211,si-gu-u
1065,11041.2.212,li-ts~'
1066,11041.2.213,ub-ba-ab
1067,11041.2.214,$4
1068,11041.2.215,vv
1069,11041.2.216,i-ra-a3-80%
1070,11041.2.217,"SIG,|"
1071,11041.2.218,U
1072,11041.2.219,la
1073,11041.2.220,4
1074,11041.2.221,ii
1075,11041.2.222,Ni
1076,11041.2.223,"Flul-Il,"
1077,11041.2.224,le
1078,11041.2.225,texte
1079,11041.2.226,is
1080,11041.2.227,"intercalaires,"
1081,11041.2.228,Nisan-II
1082,11041.2.229,et
1083,11041.2.230,rte
1084,11041.2.231,t
1085,11041.2.232,i
1086,11041.2.233,<
1087,11041.2.234,et
1088,11041.2.235,aux
1089,11041.2.236,deux
1090,11041.2.237,mois
1091,11041.2.238,in
1092,11041.2.239,t
1093,11041.2.240,te
1094,11041.2.241,teste
1095,11041.2.242,atre
1096,11041.2.243,"quinze,"
1097,11041.2.244,si
1098,11041.2.245,douze
1099,11041.2.246,mois
1100,11041.2.247,normaux
1101,11041.2.248,el
1102,11041.2.249,:
1103,11041.2.250,"ines,"
1104,11041.2.251,Nir
1105,11041.2.252,et
1106,11041.2.253,Bh
1107,11041.2.254,tadan-omeplbm
1108,11041.2.255,Il
1109,11041.2.256,faut
1110,11041.2.257,toutefois
1111,11041.2.258,noter
1112,11041.2.259,que
1113,11041.2.260,le
1114,11041.2.261,Calendrier
1115,11041.2.262,Bn
1116,11041.2.263,a
1117,11041.2.264,oe
1118,11041.2.265,one
1119,11041.2.266,+n.
1120,11041.2.267,8)
1121,11041.2.268,aucune
1122,11041.2.269,prescription
1123,11041.2.270,relative
1124,11041.2.271,&
1125,11041.2.272,la
1126,11041.2.273,d
1127,11041.2.274,<
1128,11041.2.275,this
1129,11041.2.276,Jone
1130,11041.2.277,vel
1131,11041.2.278,es
1132,11041.2.279,Poe
1133,11041.2.280,ei
1134,11041.2.281,V's
1135,11041.2.282,Laxosonnont
1136,11041.2.283,8
1137,11041.2.284,"Colles,"
1138,11041.2.285,en
1139,11041.2.286,"effet,"
1140,11041.2.287,que
1141,11041.2.288,fournissent
1142,11041.2.289,ra
1143,11041.2.290,vaisons
1144,11041.2.291,porteront
1145,11041.2.292,seul
1146,11041.2.293,éos
1147,11041.2.294,des
1148,11041.2.295,hémérologies.
1149,11041.2.296,"Celles,"
1150,11041.2.297,sont
1151,11041.2.298,ate
1152,11041.2.299,i
1153,11041.2.300,rteront
1154,11041.2.301,seulement
1155,11041.2.302,sur
1156,11041.2.303,les
1157,11041.2.304,don’
1158,11041.2.305,a.
1159,11041.2.306,"aah,"
1160,11041.2.307,ue
1161,11041.2.308,Hae
1162,11041.2.309,2
1163,11041.2.310,ee
1164,11041.2.311,caeepundants
1165,11041.2.312,¢
1166,11041.2.313,i
1167,11041.2.314,bél
1168,11041.2.315,arhim
1169,11041.2.316,sont
1170,11041.2.317,déja
1171,11041.2.318,citées
1172,11041.2.319,par
1173,11041.2.320,B.
1174,11041.2.321,Ls
1175,11041.2.322,:
1176,11041.2.323,nT
1177,11041.2.324,ab
1178,11041.2.325,en
1179,11041.2.326,4
1180,11041.2.327,rtaient
1181,11041.2.328,les
1182,11041.2.329,séries
1183,11041.2.330,Iqqur-ipu:
1184,11041.2.331,an
1185,11041.2.332,nee
1186,11041.2.333,ces
1187,11041.2.334,a
1188,11041.2.335,ces
1189,11041.2.336,rites
1190,11041.2.337,que
1191,11041.2.338,comportal
1192,11041.2.339,eries
1193,11041.2.340,ty
1194,11041.2.341,Ge
1195,11041.2.342,om
1196,11041.2.343,Someue
1197,11041.2.344,ns
1198,11041.2.345,en
1199,11041.2.346,attendant
1200,11041.2.347,ma
1201,11041.2.348,prochaine
1202,11041.2.349,publication
1203,11041.2.350,complé
1204,11041.2.351,Werner
1205,11041.2.352,:
1206,11041.2.353,RSO
1207,11041.2.354,","
1208,11041.2.355,p.
1209,11041.2.356,"190,"
1210,11041.2.357,les
1211,11041.2.358,passages
1212,11041.2.359,cor
1213,11041.2.360,qu'il
1214,11041.2.361,a
1215,11041.2.362,donné
1216,11041.2.363,dans
1217,11041.2.364,K.
1218,11041.2.365,ou
1219,11041.2.366,"communes),"
1220,11041.2.367,cf.
1221,11041.2.368,E.
1222,11041.2.369,séries.
1223,11041.2.370,ti
1224,11041.2.371,I
1225,11041.2.372,.R
1226,11041.2.373,"178,"
1227,11041.2.374,"I,"
1228,11041.2.375,46-47.
1229,11041.2.376,3.
1230,11041.2.377,[xtaaan
1231,11041.2.378,Si-glu-u
1232,11041.2.379,né
1233,11041.2.380,[r6c]-su
1234,11041.2.381,DADAG
1235,11041.2.382,NA.
1236,11041.2.383,BI
1237,11041.2.384,ti-sal-bary
1238,11041.2.385,KA.
1239,11041.2.386,1962}
1240,11041.2.387,JOURS
1241,11041.2.388,PRESCRITS
1242,11041.2.389,POUR
1243,11041.2.390,LA
1244,11041.2.391,CONFESSION
1245,11041.2.392,DES.
1246,11041.2.393,PiCHES
1247,11041.2.394,TRADUCTION
1248,11041.2.395,[Au
1249,11041.2.396,miois
1250,11041.2.397,de
1251,11041.2.398,"Nisan,"
1252,11041.2.399,le
1253,11041.2.400,6¢
1254,11041.2.401,"jour,"
1255,11041.2.402,qu’il]
1256,11041.2.403,récite
1257,11041.2.404,[le
1258,11041.2.405,{il
1259,11041.2.406,purifiera
1260,11041.2.407,son
1261,11041.2.408,vétement
1262,11041.2.409,:
1263,11041.2.410,cet
1264,11041.2.411,homme]
1265,11041.2.412,vivra
1266,11041.2.413,vieux.
1267,11041.2.414,—
1268,11041.2.415,Le
1269,11041.2.416,16¢
1270,11041.2.417,"jour,]"
1271,11041.2.418,qu’il
1272,11041.2.419,récite
1273,11041.2.420,{le
1274,11041.2.421,"sig],"
1275,11041.2.422,il
1276,11041.2.423,purifiera
1277,11041.2.424,(son)
1278,11041.2.425,vétement
1279,11041.2.426,:
1280,11041.2.427,"aljlégresse,"
1281,11041.2.428,5
1282,11041.2.429,—
1283,11041.2.430,Le
1284,11041.2.431,26¢
1285,11041.2.432,"jour,"
1286,11041.2.433,ditto.)
1287,11041.2.434,il
1288,11041.2.435,purifiera
1289,11041.2.436,(son)
1290,11041.2.437,[vétement
1291,11041.2.438,:]
1292,11041.2.439,contentement.
1293,11041.2.440,[
1294,11041.2.441,—
1295,11041.2.442,Le
1296,11041.2.443,28¢
1297,11041.2.444,"jour,"
1298,11041.2.445,dilto
1299,11041.2.446,:
1300,11041.2.447,sa
1301,11041.2.448,maison]
1302,11041.2.449,s’agrandira.
1303,11041.2.450,Au
1304,11041.2.451,mois
1305,11041.2.452,de
1306,11041.2.453,"Nisan-II,"
1307,11041.2.454,le
1308,11041.2.455,6¢
1309,11041.2.456,"jour,]"
1310,11041.2.457,il
1311,11041.2.458,ne
1312,11041.2.459,récitera
1313,11041.2.460,pas
1314,11041.2.461,le
1315,11041.2.462,il
1316,11041.2.463,ne
1317,11041.2.464,purifiera
1318,11041.2.465,pas
1319,11041.2.466,(son
1320,11041.2.467,vétement)
1321,11041.2.468,:)
1322,11041.2.469,cet
1323,11041.2.470,"[hom|me,"
1324,11041.2.471,son
1325,11041.2.472,cceur
1326,11041.2.473,ne
1327,11041.2.474,serait
1328,11041.2.475,pas
1329,11041.2.476,content.
1330,11041.2.477,—
1331,11041.2.478,Le
1332,11041.2.479,16¢
1333,11041.2.480,"jour,"
1334,11041.2.481,il
1335,11041.2.482,ne
1336,11041.2.483,récitera
1337,11041.2.484,pas
1338,11041.2.485,le
1339,11041.2.486,Sigii]
1340,11041.2.487,son
1341,11041.2.488,fils
1342,11041.2.489,ne
1343,11041.2.490,serait
1344,11041.2.491,plus
1345,11041.2.492,propriétaire
1346,11041.2.493,[de
1347,11041.2.494,sa
1348,11041.2.495,maison.
1349,11041.2.496,10
1350,11041.2.497,—
1351,11041.2.498,Le
1352,11041.2.499,26¢
1353,11041.2.500,"jour,"
1354,11041.2.501,ditto
1355,11041.2.502,:
1356,11041.2.503,il
1357,11041.2.504,serait:
1358,11041.2.505,nommé
1359,11041.2.506,pour...
1360,11041.2.507,(2).
1361,11041.2.508,—
1362,11041.2.509,Le
1363,11041.2.510,28¢
1364,11041.2.511,"jour,"
1365,11041.2.512,ditlo
1366,11041.2.513,:
1367,11041.2.514,la
1368,11041.2.515,majladie
1369,11041.2.516,le
1370,11041.2.517,"saisirait,"
1371,11041.2.518,Au
1372,11041.2.519,mois
1373,11041.2.520,"d’Aiar,"
1374,11041.2.521,le
1375,11041.2.522,6¢
1376,11041.2.523,"jour,"
1377,11041.2.524,il
1378,11041.2.525,ne
1379,11041.2.526,ré]cite[ra
1380,11041.2.527,pas
1381,11041.2.528,le
1382,11041.2.529,Siga
1383,11041.2.530,:]
1384,11041.2.531,il
1385,11041.2.532,verrait
1386,11041.2.533,et
1387,11041.2.534,—
1388,11041.2.535,Le
1389,11041.2.536,16¢
1390,11041.2.537,"jour,"
1391,11041.2.538,ditto
1392,11041.2.539,:]
1393,11041.2.540,attaque
1394,11041.2.541,de
1395,11041.2.542,dieu
1396,11041.2.543,contre
1397,11041.2.544,Vhomme.
1398,11041.2.545,[
1399,11041.2.546,—
1400,11041.2.547,Le
1401,11041.2.548,26¢
1402,11041.2.549,"jour,"
1403,11041.2.550,ditto
1404,11041.2.551,:]
1405,11041.2.552,cet
1406,11041.2.553,homme
1407,11041.2.554,le
1408,11041.2.555,roi
1409,11041.2.556,le
1410,11041.2.557,prendrait
1411,11041.2.558,"(?),"
1412,11041.2.559,il
1413,11041.2.560,mourrait.
1414,11041.2.561,15
1415,11041.2.562,[
1416,11041.2.563,—
1417,11041.2.564,Le
1418,11041.2.565,28¢
1419,11041.2.566,"jour,]"
1420,11041.2.567,ditto
1421,11041.2.568,:
1422,11041.2.569,Vhostilité
1423,11041.2.570,ne
1424,11041.2.571,cesserait
1425,11041.2.572,de
1426,11041.2.573,le
1427,11041.2.574,poursuivre.
1428,11041.2.575,[Au
1429,11041.2.576,mois
1430,11041.2.577,de
1431,11041.2.578,"Siwan,]"
1432,11041.2.579,le
1433,11041.2.580,6¢
1434,11041.2.581,"Jour,"
1435,11041.2.582,qu’il
1436,11041.2.583,récite
1437,11041.2.584,le
1438,11041.2.585,"siga,"
1439,11041.2.586,(mais)
1440,11041.2.587,qu’il
1441,11041.2.588,ne
1442,11041.2.589,purifie
1443,11041.2.590,pas
1444,11041.2.591,[(son
1445,11041.2.592,vétement)
1446,11041.2.593,:
1447,11041.2.594,ce
1448,11041.2.595,qu’il
1449,11041.2.596,"fera,"
1450,11041.2.597,il
1451,11041.2.598,l’aura.
1452,11041.2.599,4
1453,11041.2.600,KI-MIN
1454,11041.2.601,TOG-8u
1455,11041.2.602,DADAG
1456,11041.2.603,8A.Br_DVG-db
1457,11041.2.604,—
1458,11041.2.605,Kr.MIN
1459,11041.2.606,Si-gu-u
1460,11041.2.607,DE
1461,11041.2.608,THG-8u
1462,11041.2.609,DADAG
1463,11041.2.610,8A.BI-
1464,11041.2.611,NU
1465,11041.2.612,DEG-ab
1466,11041.2.613,"()),"
1467,11041.2.614,KAR
1468,11041.2.615,"178,"
1469,11041.2.616,"TI,"
1470,11041.2.617,31-33
1471,11041.2.618,(+
1472,11041.2.619,VAT
1473,11041.2.620,10653
1474,11041.2.621,(MIO
1475,11041.2.622,"V/3,"
1476,11041.2.623,"327),"
1477,11041.2.624,6).
1478,11041.2.625,Noter
1479,11041.2.626,"que,"
1480,11041.2.627,dans
1481,11041.2.628,ce
1482,11041.2.629,"passage,"
1483,11041.2.630,la
1484,11041.2.631,prescription
1485,11041.2.632,de
1486,11041.2.633,purifier
1487,11041.2.634,le
1488,11041.2.635,vétement
1489,11041.2.636,est
1490,11041.2.637,mentionnée
1491,11041.2.638,deux
1492,11041.2.639,"fois,"
1493,11041.2.640,dont
1494,11041.2.641,la
1495,11041.2.642,seconde
1496,11041.2.643,seule
1497,11041.2.644,est
1498,11041.2.645,en
1499,11041.2.646,liaison
1500,11041.2.647,étroite
1501,11041.2.648,avec
1502,11041.2.649,lo
1503,11041.2.650,rite
1504,11041.2.651,de
1505,11041.2.652,"confession,"
1506,11041.2.653,"5,"
1507,11041.2.654,Dans
1508,11041.2.655,les
1509,11041.2.656,hémérologies
1510,11041.2.657,"d’Assur,"
1511,11041.2.658,les
1512,11041.2.659,deux
1513,11041.2.660,rites
1514,11041.2.661,sont
1515,11041.2.662,mentionnés
1516,11041.2.663,non
1517,11041.2.664,le
1518,11041.2.665,26
1519,11041.2.666,du
1520,11041.2.667,"mois,"
1521,11041.2.668,mais
1522,11041.2.669,le
1523,11041.2.670,"27,"
1524,11041.2.671,par
1525,11041.2.672,erreur
1526,11041.2.673,:
1527,11041.2.674,","
1528,11041.2.675,probablement
1529,11041.2.676,KIMIN
1530,11041.2.677,fi-gu-u
1531,11041.2.678,Dit
1532,11041.2.679,THG-Su
1533,11041.2.680,DADAG
1534,11041.2.681,8A.
1535,11041.2.682,Br
1536,11041.2.683,"DUG-ab,"
1537,11041.2.684,KAR
1538,11041.2.685,"178,"
1539,11041.2.686,"III,"
1540,11041.2.687,12-13
1541,11041.2.688,(
1542,11041.2.689,"rev,"
1543,11041.2.690,15).
1544,11041.2.691,=
1545,11041.2.692,VAT
1546,11041.2.693,10708
1547,11041.2.694,(MIO
1548,11041.2.695,"V/3,"
1549,11041.2.696,"326),"
1550,11041.2.697,6.
1551,11041.2.698,KI.MIN
1552,11041.2.699,Si-gu-u
1553,11041.2.700,Dé
1554,11041.2.701,f-su
1555,11041.2.702,"DAGAL,"
1556,11041.2.703,KAR
1557,11041.2.704,"178,"
1558,11041.2.705,"IIT,"
1559,11041.2.706,36
1560,11041.2.707,"176,"
1561,11041.2.708,rev.
1562,11041.2.709,"II,"
1563,11041.2.710,8.
1564,11041.2.711,7
1565,11041.2.712,Ki-mIn
1566,11041.2.713,éi-gu-u
1567,11041.2.714,xu
1568,11041.2.715,Dé
1569,11041.2.716,SA.B1
1570,11041.2.717,NU
1571,11041.2.718,"DOG.GA,"
1572,11041.2.719,KAR
1573,11041.2.720,"178,"
1574,11041.2.721,"IV,"
1575,11041.2.722,8-9
1576,11041.2.723,(+
1577,11041.2.724,VAT
1578,11041.2.725,10894
1579,11041.2.726,(MIO
1580,11041.2.727,"‘V/3,"
1581,11041.2.728,"328),"
1582,11041.2.729,"I,"
1583,11041.2.730,"24-25),"
1584,11041.2.731,8.
1585,11041.2.732,KIN
1586,11041.2.733,Si-gu-u
1587,11041.2.734,NU
1588,11041.2.735,Dif
1589,11041.2.736,[rBt]LA-S6
1590,11041.2.737,-su
1591,11041.2.738,NU
1592,11041.2.739,"BE-el,"
1593,11041.2.740,KAR
1594,11041.2.741,"178,"
1595,11041.2.742,"IV,"
1596,11041.2.743,20-21
1597,11041.2.744,(+
1598,11041.2.745,VAT
1599,11041.2.746,10304
1600,11041.2.747,(MIO
1601,11041.2.748,"V/3,"
1602,11041.2.749,"328),"
1603,11041.2.750,1
1604,11041.2.751,35-36).
1605,11041.2.752,9.
1606,11041.2.753,KL.MIN
1607,11041.2.754,Si-gu-u
1608,11041.2.755,NU
1609,11041.2.756,DE
1610,11041.2.757,ana
1611,11041.2.758,Ka
1612,11041.2.759,"iz-ra-kar,"
1613,11041.2.760,KAR
1614,11041.2.761,"178,"
1615,11041.2.762,"1V,"
1616,11041.2.763,32-33
1617,11041.2.764,(+
1618,11041.2.765,KAR
1619,11041.2.766,"179,"
1620,11041.2.767,"II,"
1621,11041.2.768,1-2).
1622,11041.2.769,—
1623,11041.2.770,Le
1624,11041.2.771,sens
1625,11041.2.772,de
1626,11041.2.773,’'apodose
1627,11041.2.774,(qui
1628,11041.2.775,doit
1629,11041.2.776,étre
1630,11041.2.777,détavorable)
1631,11041.2.778,reste
1632,11041.2.779,"obscur,"
1633,11041.2.780,en
1634,11041.2.781,raison
1635,11041.2.782,des
1636,11041.2.783,multiples
1637,11041.2.784,valeurs
1638,11041.2.785,que
1639,11041.2.786,peut
1640,11041.2.787,avoir
1641,11041.2.788,lidéogramme
1642,11041.2.789,xa.
1643,11041.2.790,10.
1644,11041.2.791,Kran
1645,11041.2.792,Si-gu-u
1646,11041.2.793,Nv
1647,11041.2.794,Dé
1648,11041.2.795,GIG
1649,11041.2.796,"pIB-su,"
1650,11041.2.797,KAR
1651,11041.2.798,"178,"
1652,11041.2.799,"IV,"
1653,11041.2.800,36;
1654,11041.2.801,"179,"
1655,11041.2.802,"Il,"
1656,11041.2.803,4-5.
1657,11041.2.804,TL.
1658,11041.2.805,Kt.m0N
1659,11041.2.806,Si-gu-u
1660,11041.2.807,NU
1661,11041.2.808,DE
1662,11041.2.809,mim-ma
1663,11041.2.810,a-lu-u
1664,11041.2.811,"zh,"
1665,11041.2.812,KAR
1666,11041.2.813,"178,"
1667,11041.2.814,"IV,"
1668,11041.2.815,56-57
1669,11041.2.816,VAT
1670,11041.2.817,10304
1671,11041.2.818,(M1O
1672,11041.2.819,"V/3,"
1673,11041.2.820,"328),"
1674,11041.2.821,"I1,"
1675,11041.2.822,26-27).
1676,11041.2.823,12.
1677,11041.2.824,Kr.
1678,11041.2.825,Si-gu-u
1679,11041.2.826,Nu
1680,11041.2.827,Dé
1681,11041.2.828,z1-ut
1682,11041.2.829,DINGIR
1683,11041.2.830,ana
1684,11041.2.831,"NA,"
1685,11041.2.832,KAR
1686,11041.2.833,"178,"
1687,11041.2.834,"IV,"
1688,11041.2.835,71-72
1689,11041.2.836,(=
1690,11041.2.837,VAT
1691,11041.2.838,"10394,"
1692,11041.2.839,"IT,"
1693,11041.2.840,"41-42),"
1694,11041.2.841,13.
1695,11041.2.842,[K1.
1696,11041.2.843,MIN]
1697,11041.2.844,Se-gu-w
1698,11041.2.845,NU
1699,11041.2.846,DE
1700,11041.2.847,NA.
1701,11041.2.848,BI
1702,11041.2.849,"08,"
1703,11041.2.850,KAR
1704,11041.2.851,"179,"
1705,11041.2.852,"ITI,"
1706,11041.2.853,5:
1707,11041.2.854,ce
1708,11041.2.855,parallélisme
1709,11041.2.856,interdit
1710,11041.2.857,de
1711,11041.2.858,lire
1712,11041.2.859,ci-dessus
1713,11041.2.860,L0.B1
1714,11041.2.861,MAN
1715,11041.2.862,DiB.BA-bat
1716,11041.2.863,(igabbat).
1717,11041.2.864,14.
1718,11041.2.865,KIMIN
1719,11041.2.866,Si-gu-u
1720,11041.2.867,Nu
1721,11041.2.868,Dib
1722,11041.2.869,uo.Ne
1723,11041.2.870,[u8.Me8
1724,11041.2.871,"(2)]-Sd,"
1725,11041.2.872,KAR
1726,11041.2.873,"178,"
1727,11041.2.874,"V,"
1728,11041.2.875,3-4
1729,11041.2.876,+
1730,11041.2.877,KAR
1731,11041.2.878,"179,"
1732,11041.2.879,"III,"
1733,11041.2.880,8.
1734,11041.2.881,15.
1735,11041.2.882,Kr.MIN
1736,11041.2.883,Si-gu-u
1737,11041.2.884,Dé
1738,11041.2.885,ThG-su
1739,11041.2.886,DADAG
1740,11041.2.887,NA.nt
1741,11041.2.888,[...X-a
1742,11041.2.889,"TUG,"
1743,11041.2.890,KAR
1744,11041.2.891,"178,"
1745,11041.2.892,"V,"
1746,11041.2.893,20-21
1747,11041.2.894,(-+
1748,11041.2.895,VAT
1749,11041.2.896,10804
1750,11041.2.897,(MIO
1751,11041.2.898,"V/3,"
1752,11041.2.899,"329),"
1753,11041.2.900,"IIL,"
1754,11041.2.901,24-25).
1755,11041.3.0,[RA
1756,11041.3.1,56
1757,11041.3.2,_
1758,11041.3.3,RENE
1759,11041.3.4,LABAT
1760,11041.3.5,.
1761,11041.3.6,1
1762,11041.3.7,sp
1763,11041.3.8,pean
1764,11041.3.9,we
1765,11041.3.10,rR
1766,11041.3.11,lib-bi-ib
1767,11041.3.12,8A.HUL.L.
1768,11041.3.13,:
1769,11041.3.14,","
1770,11041.3.15,a
1771,11041.3.16,u
1772,11041.3.17,i
1773,11041.3.18,rN
1774,11041.3.19,.LA
1775,11041.3.20,GID.DA’
1776,11041.3.21,;
1777,11041.3.22,oo
1778,11041.3.23,Am
1779,11041.3.24,IIL
1780,11041.3.25,lu-bu-w3-ta
1781,11041.3.26,la
1782,11041.3.27,G-na-kar
1783,11041.3.28,NAM.TE
1784,11041.3.29,ta
1785,11041.3.30,|
1786,11041.3.31,oe
1787,11041.3.32,i
1788,11041.3.33,"SIG,"
1789,11041.3.34,GJAL!
1790,11041.3.35,°
1791,11041.3.36,kam
1792,11041.3.37,IV
1793,11041.3.38,lu-bu-us-la
1794,11041.3.39,li-na-k{ir
1795,11041.3.40,Mo
1796,11041.3.41,"(sta,"
1797,11041.3.42,G]
1798,11041.3.43,{
1799,11041.3.44,up.
1800,11041.3.45,28].
1801,11041.3.46,—
1802,11041.3.47,.
1803,11041.3.48,al
1804,11041.3.49,$-8]4-[a3]
1805,11041.3.50,[nul
1806,11041.3.51,5
1807,11041.3.52,1
1808,11041.3.53,l-tja-a[$-8]4-|
1809,11041.3.54,i
1810,11041.3.55,gu]
1811,11041.3.56,up.6.
1812,11041.3.57,KAM
1813,11041.3.58,s[i-g]u-t
1814,11041.3.59,[NU(?)
1815,11041.3.60,"DJUG,"
1816,11041.3.61,[i-t)
1817,11041.3.62,oo
1818,11041.3.63,KA]
1819,11041.3.64,il
1820,11041.3.65,UD.
1821,11041.3.66,BI
1822,11041.3.67,LUGUD.DA'
1823,11041.3.68,up.
1824,11041.3.69,16.
1825,11041.3.70,»
1826,11041.3.71,26.KAM|
1827,11041.3.72,Ut
1828,11041.3.73,&.
1829,11041.3.74,pr
1830,11041.3.75,ir-re-ed-di
1831,11041.3.76,up.26.
1832,11041.3.77,:
1833,11041.3.78,[
1834,11041.3.79,28.KAM|
1835,11041.3.80,IV
1836,11041.3.81,&.BI
1837,11041.3.82,AL.
1838,11041.3.83,BIR.
1839,11041.3.84,RI
1840,11041.3.85,Z
1841,11041.3.86,up.28.
1842,11041.3.87,a
1843,11041.3.88,_—
1844,11041.3.89,-
1845,11041.3.90,;
1846,11041.3.91,:
1847,11041.3.92,:
1848,11041.3.93,$i
1849,11041.3.94,i
1850,11041.3.95,li-is-si
1851,11041.3.96,ina
1852,11041.3.97,itt.1z1
1853,11041.3.98,U|pD.6.KAM
1854,11041.3.99,Si-gu-t
1855,11041.3.100,l-is
1856,11041.3.101,si
1857,11041.3.102,ad
1858,11041.3.103,-
1859,11041.3.104,in
1860,11041.3.105,i.
1861,11041.3.106,KAM
1862,11041.3.107,I)
1863,11041.3.108,B
1864,11041.3.109,la-li-su
1865,11041.3.110,sc
1866,11041.3.111,oumetm
1867,11041.3.112,ana
1868,11041.3.113,ut
1869,11041.3.114,pt
1870,11041.3.115,“
1871,11041.3.116,wp
1872,11041.3.117,28.
1873,11041.3.118,Ill}
1874,11041.3.119,tak-rib-ti
1875,11041.3.120,lis-kun
1876,11041.3.121,ki-gir
1877,11041.3.122,SA
1878,11041.3.123,DID
1879,11041.3.124,7
1880,11041.3.125,-26.KAM
1881,11041.3.126,tb-ti
1882,11041.3.127,can
1883,11041.3.128,oe
1884,11041.3.129,op
1885,11041.3.130,28.KAM
1886,11041.3.131,IV]
1887,11041.3.132,lak-rib-li
1888,11041.3.133,la
1889,11041.3.134,Gan-kdn
1890,11041.3.135,BA
1891,11041.3.136,ee
1892,11041.3.137,-
1893,11041.3.138,[
1894,11041.3.139,up.28.
1895,11041.3.140,7
1896,11041.3.141,4
1897,11041.3.142,i-Sa-as-si
1898,11041.3.143,i-bir-ri®
1899,11041.3.144,ina
1900,11041.3.145,1T1.KIN
1901,11041.3.146,UD.6.KAM]
1902,11041.3.147,Si-gu-t
1903,11041.3.148,la
1904,11041.3.149,i-sa
1905,11041.3.150,up.16.Kim
1906,11041.3.151,II]
1907,11041.3.152,reita.
1908,11041.3.153,BA.
1909,11041.3.154,68
1910,11041.3.155,we.
1911,11041.3.156,catt
1912,11041.3.157,up.26.KAm
1913,11041.3.158,ILI]
1914,11041.3.159,r)pira.
1915,11041.3.160,8A.
1916,11041.3.161,BI
1917,11041.3.162,NU
1918,11041.3.163,“
1919,11041.3.164,28.Kim
1920,11041.3.165,IV]
1921,11041.3.166,NAM.TAG.GA
1922,11041.3.167,DINGIR
1923,11041.3.168,TU
1924,11041.3.169,UD.«5.
1925,11041.3.170,i
1926,11041.3.171,|KAM
1927,11041.3.172,$i-gu-
1928,11041.3.173,i-Sa-as-si
1929,11041.3.174,{ina
1930,11041.3.175,ver.
1931,11041.3.176,«un.
1932,11041.3.177,IT.
1933,11041.3.178,KAM
1934,11041.3.179,up.6.jKAm
1935,11041.3.180,Si-gu-t
1936,11041.3.181,la
1937,11041.3.182,m
1938,11041.3.183,.
1939,11041.3.184,:
1940,11041.3.185,‘
1941,11041.3.186,eA
1942,11041.3.187,EN
1943,11041.3.188,DUy-Su]
1944,11041.3.189,eli-Sh
1945,11041.3.190,GUB.BA
1946,11041.3.191,-
1947,11041.3.192,hich
1948,11041.3.193,had
1949,11041.3.194,Am
1950,11041.3.195,$i-gu-t
1951,11041.3.196,la
1952,11041.3.197,i-8|a-as-st
1953,11041.3.198,li-
1954,11041.3.199,up.16.KAM
1955,11041.3.200,Si-gu
1956,11041.3.201,]
1957,11041.3.202,i
1958,11041.3.203,wae
1959,11041.3.204,cme
1960,11041.3.205,sp.26.kAmM
1961,11041.3.206,TIT
1962,11041.3.207,pinein
1963,11041.3.208,fas-lit-s]u
1964,11041.3.209,Nu
1965,11041.3.210,b-se-e
1966,11041.3.211,»
1967,11041.3.212,xi
1968,11041.3.213,5
1969,11041.3.214,;
1970,11041.3.215,ee
1971,11041.3.216,UD.«0.KA
1972,11041.3.217,1
1973,11041.3.218,“sig
1974,11041.3.219,i
1975,11041.3.220,$i-g\u-u
1976,11041.3.221,i-ru-bu
1977,11041.3.222,ti
1978,11041.3.223,6.KAM
1979,11041.3.224,$i-gu-t
1980,11041.3.225,i-Sa-as-si
1981,11041.3.226,la-am
1982,11041.3.227,3t
1983,11041.3.228,g\u-w
1984,11041.3.229,ina
1985,11041.3.230,"IT1.DU,g"
1986,11041.3.231,UD.6.K
1987,11041.3.232,(KAR
1988,11041.3.233,"178,"
1989,11041.3.234,"VI,"
1990,11041.3.235,40-43).
1991,11041.3.236,ef.
1992,11041.3.237,i
1993,11041.3.238,i-§
1994,11041.3.239,=)
1995,11041.3.240,17
1996,11041.3.241,pineirR
1997,11041.3.242,tas-lit-s|u
1998,11041.3.243,i-se-em-me
1999,11041.3.244,x
2000,11041.3.245,8k.n1
2001,11041.3.246,"DUG.GA,"
2002,11041.3.247,KAR
2003,11041.3.248,"178,"
2004,11041.3.249,;
2005,11041.3.250,oe
2006,11041.3.251,Le
2007,11041.3.252,test
2008,11041.3.253,ous
2009,11041.3.254,i
2010,11041.3.255,des
2011,11041.3.256,hémérologies.
2012,11041.3.257,aane
2013,11041.3.258,est
2014,11041.3.259,cassé
2015,11041.3.260,dans
2016,11041.3.261,les
2017,11041.3.262,différentes
2018,11041.3.263,sources
2019,11041.3.264,ne
2020,11041.3.265,ete
2021,11041.3.266,KIM!
2022,11041.3.267,]
2023,11041.3.268,mu
2024,11041.3.269,"ste3[GAt],"
2025,11041.3.270,VAT
2026,11041.3.271,10503
2027,11041.3.272,"LV,"
2028,11041.3.273,"28-29,"
2029,11041.3.274,KI.
2030,11041.3.275,MIN
2031,11041.3.276,NU
2032,11041.3.277,Dé
2033,11041.3.278,Nar
2034,11041.3.279,"ul-ta-Sa-[as],"
2035,11041.3.280,KAR
2036,11041.3.281,"178,"
2037,11041.3.282,21-22.
2038,11041.3.283,sid
2039,11041.3.284,a
2040,11041.3.285,aaa
2041,11041.3.286,serpntion
2042,11041.3.287,dd
2043,11041.3.288,le
2044,11041.3.289,paragraphe
2045,11041.3.290,concernant
2046,11041.3.291,ce
2047,11041.3.292,seizibme
2048,11041.3.293,‘ow
2049,11041.3.294,dns
2050,11041.3.295,"hémérologies,"
2051,11041.3.296,aucune
2052,11041.3.297,mention
2053,11041.3.298,du
2054,11041.3.299,Sigd
2055,11041.3.300,dans
2056,11041.3.301,Iln’y
2057,11041.3.302,"a,"
2058,11041.3.303,dans
2059,11041.3.304,les
2060,11041.3.305,hémér
2061,11041.3.306,.
2062,11041.3.307,jour
2063,11041.3.308,1
2064,11041.3.309,2.
2065,11041.3.310,3.
2066,11041.3.311,4.
2067,11041.3.312,eo
2068,11041.3.313,C
2069,11041.3.314,.
2070,11041.3.315,"VI,"
2071,11041.3.316,60.
2072,11041.3.317,_
2073,11041.3.318,Oe
2074,11041.3.319,ee
2075,11041.3.320,nyo
2076,11041.3.321,wea
2077,11041.3.322,yal
2078,11041.3.323,ce
2079,11041.3.324,jour-la
2080,11041.3.325,dans
2081,11041.3.326,KAR
2082,11041.3.327,"178,"
2083,11041.3.328,"VI,"
2084,11041.3.329,63-65.
2085,11041.3.330,tation
2086,11041.3.331,du
2087,11041.3.332,sigd
2088,11041.3.333,n'est
2089,11041.3.334,pas
2090,11041.3.335,ment
2091,11041.3.336,sans
2092,11041.3.337,&
2093,11041.3.338,KAR
2094,11041.3.339,"110,"
2095,11041.3.340,"10,"
2096,11041.3.341,[ict.Man
2097,11041.3.342,Si-gu-w
2098,11041.3.343,be
2099,11041.3.344,pve.
2100,11041.3.345,haere
2101,11041.3.346,:
2102,11041.3.347,v.
2103,11041.3.348,"VI,"
2104,11041.3.349,4.
2105,11041.3.350,9.
2106,11041.3.351,KEMIN
2107,11041.3.352,Segui
2108,11041.3.353,"[0],"
2109,11041.3.354,KAR
2110,11041.3.355,"178,"
2111,11041.3.356,rh
2112,11041.3.357,A
2113,11041.3.358,an
2114,11041.3.359,"10,"
2115,11041.3.360,gi-gu-u
2116,11041.3.361,ve
2117,11041.3.362,tak-riJb-ta
2118,11041.3.363,li8-kun
2119,11041.3.364,Kli-sir]
2120,11041.3.365,8A.
2121,11041.3.366,LANDED
2122,11041.3.367,.
2123,11041.3.368,6.
2124,11041.3.369,B.
2125,11041.3.370,Lanpspercer
2126,11041.3.371,"MAG,"
2127,11041.3.372,"IV,"
2128,11041.3.373,"306,"
2129,11041.3.374,"»,"
2130,11041.3.375,ont
2131,11041.3.376,1
2132,11041.3.377,-]tak-ribeta
2133,11041.3.378,(2)
2134,11041.3.379,xv
2135,11041.3.380,(1)
2136,11041.3.381,Gana
2137,11041.3.382,(on
2138,11041.3.383,-gu-t
2139,11041.3.384,pif]
2140,11041.3.385,EN
2141,11041.3.386,Duyrstt
2142,11041.3.387,eli
2143,11041.3.388,(!)-84
2144,11041.3.389,GuB-[az|
2145,11041.3.390,—
2146,11041.3.391,Sur
2147,11041.3.392,"lakribiu,"
2148,11041.3.393,KAR
2149,11041.3.394,"178,"
2150,11041.3.395,rev.
2151,11041.3.396,"VI,"
2152,11041.3.397,53-55.
2153,11041.3.398,"J],"
2154,11041.3.399,KAR
2155,11041.3.400,"178,"
2156,11041.3.401,rev.
2157,11041.3.402,"V,"
2158,11041.3.403,1-2.
2159,11041.3.404,"|,"
2160,11041.3.405,KAR
2161,11041.3.406,"178,"
2162,11041.3.407,rev.
2163,11041.3.408,"V,"
2164,11041.3.409,1
2165,11041.3.410,JOURS
2166,11041.3.411,PRESCRITS
2167,11041.3.412,POUR
2168,11041.3.413,LA
2169,11041.3.414,CONFESSION
2170,11041.3.415,DES
2171,11041.3.416,PECHES
2172,11041.3.417,son
2173,11041.3.418,vétement)
2174,11041.3.419,:
2175,11041.3.420,allégresse.
2176,11041.3.421,[
2177,11041.3.422,—
2178,11041.3.423,Le
2179,11041.3.424,l6e
2180,11041.3.425,qu'il
2181,11041.3.426,purifie
2182,11041.3.427,(
2183,11041.3.428,[
2184,11041.3.429,"dilto,"
2185,11041.3.430,qu’il
2186,11041.3.431,ne
2187,11041.3.432,change
2188,11041.3.433,pas
2189,11041.3.434,(son)
2190,11041.3.435,vétement
2191,11041.3.436,:
2192,11041.3.437,—
2193,11041.3.438,Le
2194,11041.3.439,26¢
2195,11041.3.440,"jour,]"
2196,11041.3.441,son
2197,11041.3.442,existence
2198,11041.3.443,.
2199,11041.3.444,[sera
2200,11041.3.445,longue.
2201,11041.3.446,[
2202,11041.3.447,—
2203,11041.3.448,Le
2204,11041.3.449,28e
2205,11041.3.450,"jour,]"
2206,11041.3.451,"dilto,"
2207,11041.3.452,qu’il
2208,11041.3.453,change
2209,11041.3.454,(son)
2210,11041.3.455,vétement:
2211,11041.3.456,il
2212,11041.3.457,au/ra
2213,11041.3.458,bonne
2214,11041.3.459,"re]nommeée,"
2215,11041.3.460,20
2216,11041.3.461,[Au
2217,11041.3.462,mois
2218,11041.3.463,de
2219,11041.3.464,"Du’uzu,"
2220,11041.3.465,le]
2221,11041.3.466,6¢
2222,11041.3.467,"jour,"
2223,11041.3.468,(qu’il
2224,11041.3.469,ne
2225,11041.3.470,réJcite
2226,11041.3.471,[pas
2227,11041.3.472,le
2228,11041.3.473,Si]git
2229,11041.3.474,:
2230,11041.3.475,cfet
2231,11041.3.476,hojmme
2232,11041.3.477,(souffrirait
2233,11041.3.478,"constamment,"
2234,11041.3.479,{
2235,11041.3.480,—
2236,11041.3.481,Le
2237,11041.3.482,I6¢
2238,11041.3.483,"jour,}"
2239,11041.3.484,ditto
2240,11041.3.485,:
2241,11041.3.486,son
2242,11041.3.487,existence
2243,11041.3.488,serait
2244,11041.3.489,brave.
2245,11041.3.490,[
2246,11041.3.491,—
2247,11041.3.492,Le
2248,11041.3.493,26¢
2249,11041.3.494,"Jour,]"
2250,11041.3.495,ditto
2251,11041.3.496,:
2252,11041.3.497,sa
2253,11041.3.498,maison
2254,11041.3.499,serait
2255,11041.3.500,persécutée
2256,11041.3.501,"(?),"
2257,11041.3.502,[
2258,11041.3.503,—
2259,11041.3.504,Le
2260,11041.3.505,2Q8e
2261,11041.3.506,"Jour,"
2262,11041.3.507,ditto
2263,11041.3.508,:
2264,11041.3.509,sa
2265,11041.3.510,maison
2266,11041.3.511,[Au
2267,11041.3.512,mois
2268,11041.3.513,"d’Ab,"
2269,11041.3.514,le]
2270,11041.3.515,6
2271,11041.3.516,jour
2272,11041.3.517,qu’il
2273,11041.3.518,récite
2274,11041.3.519,le
2275,11041.3.520,Sigd
2276,11041.3.521,:
2277,11041.3.522,allégresse.
2278,11041.3.523,25
2279,11041.3.524,—
2280,11041.3.525,Le
2281,11041.3.526,16¢
2282,11041.3.527,"jour,"
2283,11041.3.528,ditto]
2284,11041.3.529,:
2285,11041.3.530,il
2286,11041.3.531,construira
2287,11041.3.532,la
2288,11041.3.533,maison
2289,11041.3.534,de
2290,11041.3.535,son
2291,11041.3.536,bonheur.
2292,11041.3.537,[
2293,11041.3.538,—
2294,11041.3.539,Le
2295,11041.3.540,26¢
2296,11041.3.541,"jour,"
2297,11041.3.542,"ditto},"
2298,11041.3.543,qu’il
2299,11041.3.544,fasse
2300,11041.3.545,une
2301,11041.3.546,lamentation
2302,11041.3.547,:
2303,11041.3.548,le
2304,11041.3.549,courroux
2305,11041.3.550,de
2306,11041.3.551,dieu
2307,11041.3.552,contre
2308,11041.3.553,[Vhomme
2309,11041.3.554,se
2310,11041.3.555,dénouera.
2311,11041.3.556,[
2312,11041.3.557,—
2313,11041.3.558,Le
2314,11041.3.559,28¢
2315,11041.3.560,"jour,"
2316,11041.3.561,"dilto|,"
2317,11041.3.562,qu’il
2318,11041.3.563,ne
2319,11041.3.564,fasse
2320,11041.3.565,pas
2321,11041.3.566,de
2322,11041.3.567,lamentation
2323,11041.3.568,:
2324,11041.3.569,contentement.
2325,11041.3.570,[Au
2326,11041.3.571,mois
2327,11041.3.572,"d’Elul,"
2328,11041.3.573,le
2329,11041.3.574,6¢
2330,11041.3.575,qu'il
2331,11041.3.576,ne
2332,11041.3.577,récite
2333,11041.3.578,pas
2334,11041.3.579,le
2335,11041.3.580,Sigd
2336,11041.3.581,:
2337,11041.3.582,il
2338,11041.3.583,aurait
2339,11041.3.584,"faim,"
2340,11041.3.585,:
2341,11041.3.586,—
2342,11041.3.587,Le
2343,11041.3.588,16¢
2344,11041.3.589,"jour,"
2345,11041.3.590,dilto}
2346,11041.3.591,:
2347,11041.3.592,son
2348,11041.3.593,fils
2349,11041.3.594,"mourrait,"
2350,11041.3.595,L
2351,11041.3.596,30
2352,11041.3.597,[
2353,11041.3.598,—
2354,11041.3.599,Le
2355,11041.3.600,26¢
2356,11041.3.601,"Jour,"
2357,11041.3.602,dilto]
2358,11041.3.603,:
2359,11041.3.604,son
2360,11041.3.605,"fils,"
2361,11041.3.606,son
2362,11041.3.607,coeur
2363,11041.3.608,ne
2364,11041.3.609,serait
2365,11041.3.610,pas
2366,11041.3.611,content.
2367,11041.3.612,[
2368,11041.3.613,—
2369,11041.3.614,Le
2370,11041.3.615,28¢
2371,11041.3.616,"jour,"
2372,11041.3.617,dilto]
2373,11041.3.618,:
2374,11041.3.619,il
2375,11041.3.620,y
2376,11041.3.621,aurait
2377,11041.3.622,punition
2378,11041.3.623,de
2379,11041.3.624,dieu.
2380,11041.3.625,{Au
2381,11041.3.626,mois
2382,11041.3.627,"d’Elul-II,"
2383,11041.3.628,le
2384,11041.3.629,6}¢
2385,11041.3.630,"[jour],"
2386,11041.3.631,qu’il
2387,11041.3.632,ne
2388,11041.3.633,récite
2389,11041.3.634,pas
2390,11041.3.635,le
2391,11041.3.636,gigi
2392,11041.3.637,:
2393,11041.3.638,[son
2394,11041.3.639,adversaire]
2395,11041.3.640,Vemporterait
2396,11041.3.641,sur
2397,11041.3.642,lui.
2398,11041.3.643,{
2399,11041.3.644,—
2400,11041.3.645,Le
2401,11041.3.646,16¢
2402,11041.3.647,"jour,"
2403,11041.3.648,qu'il
2404,11041.3.649,ne
2405,11041.3.650,réjcite
2406,11041.3.651,[pas
2407,11041.3.652,le
2408,11041.3.653,(sinon)
2409,11041.3.654,attaques
2410,11041.3.655,réussies
2411,11041.3.656,{(contre
2412,11041.3.657,lui).
2413,11041.3.658,35
2414,11041.3.659,[|
2415,11041.3.660,—
2416,11041.3.661,Le
2417,11041.3.662,26¢
2418,11041.3.663,"Jour,"
2419,11041.3.664,ditto
2420,11041.3.665,dieu)
2421,11041.3.666,n’écouterait
2422,11041.3.667,pas-sa
2423,11041.3.668,[priére].
2424,11041.3.669,[
2425,11041.3.670,—
2426,11041.3.671,Le
2427,11041.3.672,28¢
2428,11041.3.673,"jour,"
2429,11041.3.674,ditto
2430,11041.3.675,:]
2431,11041.3.676,il
2432,11041.3.677,ne
2433,11041.3.678,cessera
2434,11041.3.679,d’aller
2435,11041.3.680,{dans
2436,11041.3.681,le
2437,11041.3.682,malheur
2438,11041.3.683,(2)].
2439,11041.3.684,Ie
2440,11041.3.685,moins
2441,11041.3.686,pour
2442,11041.3.687,le
2443,11041.3.688,"6),"
2444,11041.3.689,les
2445,11041.3.690,hémérologies
2446,11041.3.691,s’oppose
2447,11041.3.692,le
2448,11041.3.693,"Sigd,"
2449,11041.3.694,les
2450,11041.3.695,autres
2451,11041.3.696,l’autorisant.
2452,11041.3.697,16.
2453,11041.3.698,17.
2454,11041.3.699,{Au
2455,11041.3.700,mois
2456,11041.3.701,de
2457,11041.3.702,"Te&rit,"
2458,11041.3.703,le
2459,11041.3.704,6¢
2460,11041.3.705,"jour,"
2461,11041.3.706,il
2462,11041.3.707,récitera
2463,11041.3.708,le
2464,11041.3.709,"Sigd,"
2465,11041.3.710,(mais)
2466,11041.3.711,avant
2467,11041.3.712,d’entrer
2468,11041.3.713,pour
2469,11041.3.714,le
2470,11041.3.715,"[siga,"
2471,11041.3.716,(il
2472,11041.3.717,libérera
2473,11041.3.718,"(2).......,"
2474,11041.3.719,:
2475,11041.3.720,dieu]
2476,11041.3.721,entendra
2477,11041.3.722,sa
2478,11041.3.723,»
2479,11041.3.724,Tev.
2480,11041.3.725,"V,"
2481,11041.3.726,81
2482,11041.3.727,:
2483,11041.3.728,pour
2484,11041.3.729,les
2485,11041.3.730,quatre
2486,11041.3.731,jours
2487,11041.3.732,du
2488,11041.3.733,mois
2489,11041.3.734,d’E
2490,11041.3.735,(a
2491,11041.3.736,"tout,"
2492,11041.3.737,notre
2493,11041.3.738,"tablette,"
2494,11041.3.739,celle-ci
2495,11041.3.740,interdisant
2496,11041.3.741,.
2497,11041.3.742,Les
2498,11041.3.743,hémérologies
2499,11041.3.744,ne
2500,11041.3.745,mentionnent
2501,11041.3.746,pas
2502,11041.3.747,le
2503,11041.3.748,mois
2504,11041.3.749,d’Elul-II.
2505,11041.3.750,~
2506,11041.3.751,Le
2507,11041.3.752,paragraphe
2508,11041.3.753,relatif
2509,11041.3.754,au
2510,11041.3.755,6°
2511,11041.3.756,jour
2512,11041.3.757,dans
2513,11041.3.758,KAR
2514,11041.3.759,"178,"
2515,11041.3.760,rev.
2516,11041.3.761,"IV,"
2517,11041.3.762,"29-31,"
2518,11041.3.763,ne
2519,11041.3.764,mentionne
2520,11041.3.765,pas
2521,11041.3.766,la
2522,11041.3.767,récitation
2523,11041.3.768,du
2524,11041.3.769,sigi.
2525,11041.4.0,RENE
2526,11041.4.1,LABAT
2527,11041.4.2,[RA
2528,11041.4.3,56-1962]
2529,11041.4.4,8
2530,11041.4.5,Gowda
2531,11041.4.6,IL
2532,11041.4.7,eeveeeeeeee
2533,11041.4.8,es
2534,11041.4.9,<e]n(?)-ni
2535,11041.4.10,nee
2536,11041.4.11,sy.
2537,11041.4.12,16.KAM
2538,11041.4.13,coeeeees
2539,11041.4.14,a
2540,11041.4.15,Bh
2541,11041.4.16,a
2542,11041.4.17,:
2543,11041.4.18,w
2544,11041.4.19,i
2545,11041.4.20,1U.B]
2546,11041.4.21,40
2547,11041.4.22,[
2548,11041.4.23,vp.
2549,11041.4.24,26.io
2550,11041.4.25,11
2551,11041.4.26,bent
2552,11041.4.27,wb
2553,11041.4.28,:
2554,11041.4.29,es
2555,11041.4.30,i
2556,11041.4.31,Yi-gu-t
2557,11041.4.32,vu
2558,11041.4.33,mas-Kja-nam
2559,11041.4.34,7
2560,11041.4.35,yp
2561,11041.4.36,.6.KAM
2562,11041.4.37,Si-gu-t
2563,11041.4.38,i-Sa-as-si
2564,11041.4.39,la-am
2565,11041.4.40,#i-gu-t
2566,11041.4.41,i
2567,11041.4.42,.APIN
2568,11041.4.43,6.
2569,11041.4.44,3
2570,11041.4.45,i
2571,11041.4.46,“ee
2572,11041.4.47,lip-fur
2573,11041.4.48,8a.
2574,11041.4.49,nt]
2575,11041.4.50,DvG.GAt
2576,11041.4.51,x
2577,11041.4.52,[
2578,11041.4.53,vp
2579,11041.4.54,.16.KAM
2580,11041.4.55,se
2581,11041.4.56,"jour,"
2582,11041.4.57,"ditlo,"
2583,11041.4.58,..o.ceeccee
2584,11041.4.59,jx
2585,11041.4.60,x
2586,11041.4.61,callégresse.
2587,11041.4.62,TT
2588,11041.4.63,ave
2589,11041.4.64,jo
2590,11041.4.65,"ate,"
2591,11041.4.66,21
2592,11041.4.67,Thome)
2593,11041.4.68,viva
2594,11041.4.69,views.
2595,11041.4.70,d
2596,11041.4.71,f
2597,11041.4.72,40
2598,11041.4.73,Le
2599,11041.4.74,26°
2600,11041.4.75,"jour,"
2601,11041.4.76,i
2602,11041.4.77,}
2603,11041.4.78,:
2604,11041.4.79,son
2605,11041.4.80,existence
2606,11041.4.81,sera
2607,11041.4.82,longue.
2608,11041.4.83,—
2609,11041.4.84,Le
2610,11041.4.85,28¢
2611,11041.4.86,"jour,"
2612,11041.4.87,"ditto,"
2613,11041.4.88,]
2614,11041.4.89,if
2615,11041.4.90,[
2616,11041.4.91,t
2617,11041.4.92,"rabsamna,"
2618,11041.4.93,le
2619,11041.4.94,6°
2620,11041.4.95,"jour,"
2621,11041.4.96,il
2622,11041.4.97,récitera
2623,11041.4.98,le
2624,11041.4.99,"Sigd,"
2625,11041.4.100,(mais)
2626,11041.4.101,avan
2627,11041.4.102,entrer
2628,11041.4.103,pour
2629,11041.4.104,Arab:
2630,11041.4.105,6e
2631,11041.4.106,ji
2632,11041.4.107,tet
2633,11041.4.108,siga
2634,11041.4.109,)
2635,11041.4.110,t
2636,11041.4.111,d’enti
2637,11041.4.112,a
2638,11041.4.113,*
2639,11041.4.114,i
2640,11041.4.115,tga
2641,11041.4.116,to
2642,11041.4.117,Yann
2643,11041.4.118,cur
2644,11041.4.119,sea
2645,11041.4.120,content
2646,11041.4.121,le
2647,11041.4.122,"igit,"
2648,11041.4.123,(qu'il
2649,11041.4.124,libre)
2650,11041.4.125,un
2651,11041.4.126,gage
2652,11041.4.127,[..-----
2653,11041.4.128,[
2654,11041.4.129,—
2655,11041.4.130,Le
2656,11041.4.131,16®
2657,11041.4.132,"jour,"
2658,11041.4.133,....---eerrees
2659,11041.4.134,“ete
2660,11041.4.135,dire
2661,11041.4.136,si
2662,11041.4.137,les
2663,11041.4.138,quatre
2664,11041.4.139,(ou
2665,11041.4.140,cing)
2666,11041.4.141,derniers
2667,11041.4.142,face
2668,11041.4.143,du
2669,11041.4.144,document
2670,11041.4.145,ou
2671,11041.4.146,étaient
2672,11041.4.147,s
2673,11041.4.148,ne
2674,11041.4.149,pouvaient
2675,11041.4.150,en
2676,11041.4.151,remplir
2677,11041.4.152,ons
2678,11041.4.153,rituelles
2679,11041.4.154,y
2680,11041.4.155,aient
2681,11041.4.156,suivi
2682,11041.4.157,6.
2683,11041.4.158,On
2684,11041.4.159,ne
2685,11041.4.160,saurait
2686,11041.4.161,de
2687,11041.4.162,la
2688,11041.4.163,tablette
2689,11041.4.164,est
2690,11041.4.165,cassé.
2691,11041.4.166,it
2692,11041.4.167,vanes
2693,11041.4.168,figuraient
2694,11041.4.169,sur
2695,11041.4.170,cette
2696,11041.4.171,méme
2697,11041.4.172,","
2698,11041.4.173,"ins,"
2699,11041.4.174,au
2700,11041.4.175,revers.
2701,11041.4.176,De
2702,11041.4.177,toutes
2703,11041.4.178,"fagons,"
2704,11041.4.179,ils
2705,11041.4.180,:
2706,11041.4.181,ble
2707,11041.4.182,que
2708,11041.4.183,d’autres
2709,11041.4.184,indicati
2710,11041.4.185,+hés.
2711,11041.4.186,","
2712,11041.4.187,©
2713,11041.4.188,hemérologies
2714,11041.4.189,et
2715,11041.4.190,du
2716,11041.4.191,calendrier
2717,11041.4.192,Enbu
2718,11041.4.193,bél
2719,11041.4.194,ituer
2720,11041.4.195,a
2721,11041.4.196,ras
2722,11041.4.197,comple-
2723,11041.4.198,i
2724,11041.4.199,den
2725,11041.4.200,reconstituer
2726,11041.4.201,&
2727,11041.4.202,peu
2728,11041.4.203,pre
2729,11041.4.204,ana
2730,11041.4.205,"vee,"
2731,11041.4.206,pout
2732,11041.4.207,"cela,"
2733,11041.4.208,de
2734,11041.4.209,recueillir
2735,11041.4.210,et
2736,11041.4.211,de
2737,11041.4.212,juxtaposer
2738,11041.4.213,x
2739,11041.4.214,"suivants,"
2740,11041.4.215,y
2741,11041.4.216,mentionnent
2742,11041.4.217,la
2743,11041.4.218,récitation
2744,11041.4.219,paragraphes
2745,11041.4.220,manquants
2746,11041.4.221,{
2747,11041.4.222,"reportés,"
2748,11041.4.223,en
2749,11041.4.224,partie
2750,11041.4.225,du
2751,11041.4.226,moi
2752,11041.4.227,qu'une
2753,11041.4.228,petite
2754,11041.4.229,"portion,"
2755,11041.4.230,et
2756,11041.4.231,il
2757,11041.4.232,est
2758,11041.4.233,possi
2759,11041.4.234,*
2760,11041.4.235,celles
2761,11041.4.236,qui
2762,11041.4.237,concernaient
2763,11041.4.238,la
2764,11041.4.239,confession
2765,11041.4.240,des
2766,11041.4.241,p
2767,11041.4.242,Pour
2768,11041.4.243,ces
2769,11041.4.244,"derniéres,"
2770,11041.4.245,les
2771,11041.4.246,données
2772,11041.4.247,des
2773,11041.4.248,im
2774,11041.4.249,"pourraient,"
2775,11041.4.250,sem!
2776,11041.4.251,|
2777,11041.4.252,ern
2778,11041.4.253,tenant
2779,11041.4.254,tableau.
2780,11041.4.255,Il
2781,11041.4.256,"suffirait,"
2782,11041.4.257,en
2783,11041.4.258,"principe,"
2784,11041.4.259,P
2785,11041.4.260,:
2786,11041.4.261,oii
2787,11041.4.262,;
2788,11041.4.263,1
2789,11041.4.264,iy
2790,11041.4.265,de
2791,11041.4.266,some
2792,11041.4.267,7
2793,11041.4.268,:
2794,11041.4.269,Mais
2795,11041.4.270,la
2796,11041.4.271,confrontation
2797,11041.4.272,que
2798,11041.4.273,nous
2799,11041.4.274,venons
2800,11041.4.275,de
2801,11041.4.276,"Si,"
2802,11041.4.277,urification
2803,11041.4.278,des
2804,11041.4.279,vétements.
2805,11041.4.280,aoe
2806,11041.4.281,eae
2807,11041.4.282,ee
2808,11041.4.283,ton
2809,11041.4.284,du
2810,11041.4.285,Sigd
2811,11041.4.286,et
2812,11041.4.287,la
2813,11041.4.288,puri
2814,11041.4.289,:
2815,11041.4.290,de
2816,11041.4.291,ces
2817,11041.4.292,textes
2818,11041.4.293,et
2819,11041.4.294,ceux
2820,11041.4.295,de
2821,11041.4.296,la
2822,11041.4.297,tablet
2823,11041.4.298,linen:
2824,11041.4.299,appara
2825,11041.4.300,ir
2826,11041.4.301,faire
2827,11041.4.302,entre
2828,11041.4.303,les
2829,11041.4.304,donnée:
2830,11041.4.305,\
2831,11041.4.306,x
2832,11041.4.307,oe
2833,11041.4.308,en
2834,11041.4.309,ail
2835,11041.4.310,des
2836,11041.4.311,ete
2837,11041.4.312,at
2838,11041.4.313,gu
2839,11041.4.314,veut
2840,11041.4.315,at
2841,11041.4.316,a
2842,11041.4.317,yen
2843,11041.4.318,heureux
2844,11041.4.319,hasard
2845,11041.4.320,nous
2846,11041.4.321,permette
2847,11041.4.322,de
2848,11041.4.323,re
2849,11041.4.324,de
2850,11041.4.325,ce
2851,11041.4.326,texte
2852,11041.4.327,ou
2853,11041.4.328,un
2854,11041.4.329,texte
2855,11041.4.330,semblable.
2856,11041.4.331,de
2857,11041.4.332,variant
2858,11041.4.333,i
2859,11041.4.334,atten
2860,11041.4.335,reusement
2861,11041.4.336,exacte.
2862,11041.4.337,Mieux
2863,11041.4.338,vaut
2864,11041.4.339,trouver
2865,11041.4.340,quelque
2866,11041.4.341,nouveau
2867,11041.4.342,fragment
2868,11041.4.343,retro
2869,11041.4.344,yw
2870,11041.4.345,our
2871,11041.4.346,ont
2872,11041.4.347,disparu
2873,11041.4.348,dans
2874,11041.4.349,Ja
2875,11041.4.350,cassure
2876,11041.4.351,initiale
2877,11041.4.352,de
2878,11041.4.353,KAR
2879,11041.4.354,"178,"
2880,11041.4.355,rev.
2881,11041.4.356,111
2882,11041.4.357,m
2883,11041.4.358,"178,"
2884,11041.4.359,rev.
2885,11041.4.360,"TH,"
2886,11041.4.361,11-12.
2887,11041.4.362,xu
2888,11041.4.363,pé
2889,11041.4.364,[fak-rib-ta
2890,11041.4.365,Nu
2891,11041.4.366,Gan-an
2892,11041.4.367,"t-sal-bar,"
2893,11041.4.368,KAR
2894,11041.4.369,"2,"
2895,11041.4.370,xr.
2896,11041.4.371,aun
2897,11041.4.372,Si-gu-t
2898,11041.4.373,3.
2899,11041.4.374,si-gu-u
2900,11041.4.375,Di
2901,11041.4.376,x
2902,11041.4.377,MESSH
2903,11041.4.378,GID.
2904,11041.4.379,A.M
2905,11041.4.380,"78,"
2906,11041.4.381,rev.
2907,11041.4.382,"III,"
2908,11041.4.383,16.
2909,11041.4.384,x
2910,11041.4.385,X
2911,11041.4.386,UD.MESSE
2912,11041.4.387,"Gip.pa.mEs,"
2913,11041.4.388,KAR
2914,11041.4.389,"178,"
2915,11041.4.390,at
2916,11041.4.391,i
2917,11041.4.392,setann
2918,11041.4.393,Si-gueut
2919,11041.4.394,DB
2920,11041.4.395,la-am
2921,11041.4.396,Si-gu-u
2922,11041.4.397,70
2923,11041.4.398,mas-ka-nam
2924,11041.4.399,&
2925,11041.4.400,MUS
2926,11041.4.401,REPU
2927,11041.4.402,RUE
2928,11041.4.403,|.
2929,11041.4.404,KIM
2930,11041.4.405,rev.
2931,11041.4.406,"III,"
2932,11041.4.407,34-36.
2933,11041.4.408,1.
2934,11041.4.409,Les
2935,11041.4.410,indications
2936,11041.4.411,concernant
2937,11041.4.412,le
2938,11041.4.413,16°
2939,11041.4.414,pear
2940,11041.4.415,lip-far
2941,11041.4.416,8.51
2942,11041.4.417,"DUG,"
2943,11041.4.418,"KAR,"
2944,11041.4.419,"178,"
2945,11041.4.420,[RA
2946,11041.4.421,56-1962]
2947,11041.4.422,ICONOGRAPHIE
2948,11041.4.423,D’ISTAR-SAUSGA
2949,11041.4.424,EN
2950,11041.4.425,ANATOLIE
2951,11041.4.426,ANCIENNE
2952,11041.4.427,par
2953,11041.4.428,Jenny
2954,11041.4.429,DANMANVILLE
2955,11041.4.430,Avant
2956,11041.4.431,d’apparaitre
2957,11041.4.432,chez
2958,11041.4.433,les
2959,11041.4.434,"Hittites,"
2960,11041.4.435,la
2961,11041.4.436,déesse
2962,11041.4.437,Ishtar
2963,11041.4.438,était
2964,11041.4.439,depuis
2965,11041.4.440,longtemps
2966,11041.4.441,Connue
2967,11041.4.442,comme
2968,11041.4.443,grande
2969,11041.4.444,déesse
2970,11041.4.445,en
2971,11041.4.446,"Mésopotamie,"
2972,11041.4.447,oti
2973,11041.4.448,les
2974,11041.4.449,Sémites
2975,11041.4.450,Ia
2976,11041.4.451,désignaient
2977,11041.4.452,par
2978,11041.4.453,ce
2979,11041.4.454,"hom,"
2980,11041.4.455,tandis
2981,11041.4.456,que
2982,11041.4.457,les
2983,11041.4.458,Sumériens
2984,11041.4.459,V'appelaient
2985,11041.4.460,Innana.
2986,11041.4.461,Cette
2987,11041.4.462,divinité
2988,11041.4.463,"était,"
2989,11041.4.464,"semble-t-il,"
2990,11041.4.465,considérée
2991,11041.4.466,4
2992,11041.4.467,la
2993,11041.4.468,fois
2994,11041.4.469,comme
2995,11041.4.470,déesse
2996,11041.4.471,"astrale,"
2997,11041.4.472,incarnation
2998,11041.4.473,de
2999,11041.4.474,la
3000,11041.4.475,planéte
3001,11041.4.476,Vénus
3002,11041.4.477,et
3003,11041.4.478,comme
3004,11041.4.479,déesse
3005,11041.4.480,de
3006,11041.4.481,amour
3007,11041.4.482,et
3008,11041.4.483,de
3009,11041.4.484,la
3010,11041.4.485,guerre.
3011,11041.4.486,Elle
3012,11041.4.487,connut
3013,11041.4.488,une
3014,11041.4.489,telle
3015,11041.4.490,"vogue,"
3016,11041.4.491,qu’en
3017,11041.4.492,"Mésopotamie,"
3018,11041.4.493,Son
3019,11041.4.494,nom
3020,11041.4.495,en
3021,11041.4.496,vint
3022,11041.4.497,4
3023,11041.4.498,désigner
3024,11041.4.499,une
3025,11041.4.500,déesse
3026,11041.4.501,en
3027,11041.4.502,"général’,"
3028,11041.4.503,On
3029,11041.4.504,concoit
3030,11041.4.505,aisément
3031,11041.4.506,"qu’Ishtar,"
3032,11041.4.507,ayant
3033,11041.4.508,joué
3034,11041.4.509,un
3035,11041.4.510,réle
3036,11041.4.511,aussi
3037,11041.4.512,important
3038,11041.4.513,pendant
3039,11041.4.514,une
3040,11041.4.515,longue
3041,11041.4.516,période
3042,11041.4.517,de
3043,11041.4.518,Vhistoire
3044,11041.4.519,mésopo-
3045,11041.4.520,"tamienne,"
3046,11041.4.521,ait
3047,11041.4.522,vu
3048,11041.4.523,son
3049,11041.4.524,culte
3050,11041.4.525,s’étendre
3051,11041.4.526,dans
3052,11041.4.527,les
3053,11041.4.528,pays
3054,11041.4.529,voisins.
3055,11041.4.530,Et
3056,11041.4.531,de
3057,11041.4.532,"fait,"
3058,11041.4.533,peu
3059,11041.4.534,d’années
3060,11041.4.535,aprés
3061,11041.4.536,que
3062,11041.4.537,les
3063,11041.4.538,travaux
3064,11041.4.539,de
3065,11041.4.540,B.
3066,11041.4.541,Hozny¥
3067,11041.4.542,eurent
3068,11041.4.543,permis
3069,11041.4.544,de
3070,11041.4.545,déchiffrer
3071,11041.4.546,le
3072,11041.4.547,"hittite,"
3073,11041.4.548,on
3074,11041.4.549,vit
3075,11041.4.550,"“pparaitre,"
3076,11041.4.551,dans
3077,11041.4.552,les
3078,11041.4.553,nombreux
3079,11041.4.554,textes
3080,11041.4.555,"publiés,"
3081,11041.4.556,le
3082,11041.4.557,nom
3083,11041.4.558,de
3084,11041.4.559,la
3085,11041.4.560,déesse
3086,11041.4.561,sous
3087,11041.4.562,sa
3088,11041.4.563,forme
3089,11041.4.564,:
3090,11041.4.565,rar
3091,11041.4.566,"(ei,-dar)."
3092,11041.4.567,Parmi
3093,11041.4.568,ces
3094,11041.4.569,"textes,"
3095,11041.4.570,citons
3096,11041.4.571,le
3097,11041.4.572,«
3098,11041.4.573,Hattusilis
3099,11041.4.574,»
3100,11041.4.575,et
3101,11041.4.576,plusieurs
3102,11041.4.577,"traités,"
3103,11041.4.578,publiés
3104,11041.4.579,respectivement
3105,11041.4.580,par
3106,11041.4.581,A.
3107,11041.4.582,Gorrze
3108,11041.4.583,et
3109,11041.4.584,J.
3110,11041.4.585,"Friepnica,"
3111,11041.4.586,en
3112,11041.4.587,1925
3113,11041.4.588,et
3114,11041.4.589,"19262,"
3115,11041.4.590,Mais
3116,11041.4.591,nous
3117,11041.4.592,remarquerons
3118,11041.4.593,dés
3119,11041.4.594,"maintenant,"
3120,11041.4.595,en
3121,11041.4.596,anticipant
3122,11041.4.597,sur
3123,11041.4.598,les
3124,11041.4.599,textes
3125,11041.4.600,qui
3126,11041.4.601,ont
3127,11041.4.602,été
3128,11041.4.603,publiés
3129,11041.4.604,depuis
3130,11041.4.605,"lors,"
3131,11041.4.606,que
3132,11041.4.607,idéogramme
3133,11041.4.608,18ran
3134,11041.4.609,est
3135,11041.4.610,parfois
3136,11041.4.611,suivi
3137,11041.4.612,de
3138,11041.4.613,complements
3139,11041.4.614,"phonétiques*,"
3140,11041.4.615,et
3141,11041.4.616,Ia
3142,11041.4.617,nature
3143,11041.4.618,de
3144,11041.4.619,ceux-ci
3145,11041.4.620,est
3146,11041.4.621,"telle,"
3147,11041.4.622,qu’on
3148,11041.4.623,a
3149,11041.4.624,pu
3150,11041.4.625,se
3151,11041.4.626,demander
3152,11041.4.627,Si
3153,11041.4.628,cet
3154,11041.4.629,idéogramme
3155,11041.4.630,ne
3156,11041.4.631,servait
3157,11041.4.632,pas
3158,11041.4.633,&
3159,11041.4.634,désigner
3160,11041.4.635,plusieurs
3161,11041.4.636,"divinitést,"
3162,11041.4.637,Cependant
3163,11041.4.638,les
3164,11041.4.639,recherches
3165,11041.4.640,ne
3166,11041.4.641,se
3167,11041.4.642,bornaient
3168,11041.4.643,pas
3169,11041.4.644,a
3170,11041.4.645,la
3171,11041.4.646,seule
3172,11041.4.647,étude
3173,11041.4.648,des
3174,11041.4.649,"textes,"
3175,11041.4.650,et
3176,11041.4.651,bien
3177,11041.4.652,avant
3178,11041.4.653,les
3179,11041.4.654,travaux
3180,11041.4.655,de
3181,11041.4.656,"B,"
3182,11041.4.657,"Hnozny,"
3183,11041.4.658,certains
3184,11041.4.659,monuments
3185,11041.4.660,hittites
3186,11041.4.661,avaient
3187,11041.4.662,déja
3188,11041.4.663,été
3189,11041.4.664,étudiés.
3190,11041.4.665,Mais
3191,11041.4.666,c'est
3192,11041.4.667,"seulement,"
3193,11041.4.668,partir
3194,11041.4.669,de
3195,11041.4.670,1932
3196,11041.4.671,que
3197,11041.4.672,plusieurs
3198,11041.4.673,"savants,"
3199,11041.4.674,tout
3200,11041.4.675,d’abord
3201,11041.4.676,A.
3202,11041.4.677,"Moorrear,"
3203,11041.4.678,puis
3204,11041.4.679,K.
3205,11041.4.680,Brrrex
3206,11041.4.681,et
3207,11041.4.682,H.
3208,11041.4.683,G.
3209,11041.4.684,"Gorersock',"
3210,11041.4.685,firent
3211,11041.4.686,le
3212,11041.4.687,rapprochement
3213,11041.4.688,entre
3214,11041.4.689,an
3215,11041.4.690,relief
3216,11041.4.691,de
3217,11041.4.692,"Yazilikaya,"
3218,11041.4.693,un
3219,11041.4.694,autre
3220,11041.4.695,de
3221,11041.4.696,Malatya
3222,11041.4.697,et
3223,11041.4.698,une
3224,11041.4.699,bague
3225,11041.4.700,hittite
3226,11041.4.701,achetée
3227,11041.4.702,a
3228,11041.4.703,Konya.
3229,11041.4.704,Ils
3230,11041.4.705,1
3231,11041.4.706,Voir
3232,11041.4.707,"B,"
3233,11041.4.708,Donate
3234,11041.4.709,:
3235,11041.4.710,Les
3236,11041.4.711,religions
3237,11041.4.712,de
3238,11041.4.713,Babylonie
3239,11041.4.714,el
3240,11041.4.715,d'Aes
3241,11041.4.716,graphie
3242,11041.4.717,&
3243,11041.4.718,laquelle
3244,11041.4.719,on
3245,11041.4.720,peut
3246,11041.4.721,ajouter
3247,11041.4.722,les
3248,11041.4.723,livres
3249,11041.4.724,"lonienne,"
3250,11041.4.725,p.
3251,11041.4.726,"37,"
3252,11041.4.727,et
3253,11041.4.728,Moscari
3254,11041.4.729,:
3255,11041.4.730,Le
3256,11041.4.731,Antiche
3257,11041.4.732,divinita
3258,11041.4.733,semitiche.
3259,11041.4.734,Pour
3260,11041.4.735,la
3261,11041.4.736,déesse
3262,11041.4.737,"sumérienne,"
3263,11041.4.738,voir
3264,11041.4.739,notamment
3265,11041.4.740,Ch.-F.
3266,11041.4.741,Jean
3267,11041.4.742,2.
3268,11041.4.743,Gorrze
3269,11041.4.744,:
3270,11041.4.745,Hattusilis
3271,11041.4.746,;
3272,11041.4.747,Freepricu
3273,11041.4.748,:
3274,11041.4.749,Staatsvertrage.
3275,11041.4.750,3.
3276,11041.4.751,Ainsi
3277,11041.4.752,"Brant,"
3278,11041.4.753,"rtaR-ga,"
3279,11041.4.754,ran-ra.
3280,11041.4.755,4
3281,11041.4.756,Gbrennock
3282,11041.4.757,:
3283,11041.4.758,Hillite
3284,11041.4.759,"Religion,"
3285,11041.4.760,p.
3286,11041.4.761,91;
3287,11041.4.762,Lanocue
3288,11041.4.763,:
3289,11041.4.764,Ugaritica
3290,11041.4.765,"Itt,"
3291,11041.4.766,p.
3292,11041.4.767,133.
3293,11041.4.768,5.
3294,11041.4.769,"BKB,"
3295,11041.4.770,p.
3296,11041.4.771,86;
3297,11041.4.772,Yaz.
3298,11041.4.773,+P.
3299,11041.4.774,72;
3300,11041.4.775,GOreRwock
3301,11041.4.776,;
3302,11041.4.777,Bellelen
3303,11041.4.778,VII
3304,11041.4.779,"[1943],"
3305,11041.4.780,p.
3306,11041.4.781,312.
3307,11041.4.782,"yrie,"
3308,11041.4.783,notamment
3309,11041.4.784,pp.
3310,11041.4.785,67
3311,11041.4.786,el
3312,11041.4.787,ss.
3313,11041.4.788,;
3314,11041.4.789,on
3315,11041.4.790,y
3316,11041.4.791,trouvera
3317,11041.4.792,pp.
3318,11041.4.793,89
3319,11041.4.794,récemment
3320,11041.4.795,parus
3321,11041.4.796,de
3322,11041.4.797,J.
3323,11041.4.798,Borréno
3324,11041.4.799,:
3325,11041.4.800,La
3326,11041.4.801,religion
3327,11041.4.802,baby-
3328,11041.4.803,+
3329,11041.4.804,La
3330,11041.4.805,religion
3331,11041.4.806,"sumérienne,"
3332,11041.4.807,pp.
3333,11041.4.808,62
3334,11041.4.809,et
3335,11041.4.810,"ss,"
