,text,orientation,language,mean_confidence,used_original_text,time,scale
0,"


Coo Bee
AW 00 us ¢

ORIENTALIA LOVANIENSIA
ANALECTA
5

 

STATE AND TEMPLE ECONOMY
IN THE ANCIENT NEAR EAST

I

Proceedings of the International Conference
organized by the
Katholieke Universiteit Leuven
from the 10th to the 14th of April 1978

EDITED BY

EDWARD LIPINSKI

Onder de auspicién van de Ministeries van Nationale Opvoeding en Cultuur
Internationale Culturele Betrekkingen
Uitgegeven met de steun van
het Nationaal Fonds voor Wetenschappelijk Onderzoek

DEPARTEMENT ORIENTALISTIEK

LEUVEN
1979",0,eng,92.85477342465752,False,1648426904.368896,1.75
1,"


 

 

HOUSEHOLD AND FAMILY IN EARLY MESOPOTAMIA 65

household named for a widow, all other households are named for
the male head of the family. In 13 fully preserved cases, a man has
only one wife. In ten fully preserved cases, the families have together
22 children, which corresponds to 2.2 children per family.

These six texts yield information of great statistical value for the
question of monogamy: I11 out of 112 men have one wife, only
two wives (in d). Unfortunately, no firm conclusion
can be drawn about the number of children per family, with the
exception of text b), which gives 26 children in 12 families, and text f),
which gives 22 children in 10 families, or about 2.2 children per
family. Text a) lists no children, and texts c), d), and e) apparently
deal with young people and are, therefore, inconclusive.

   

   

 

one man ha

 

 

 

7.2.2. Votive Inscriptions

 

Two Sumerian inscriptions, which deal with the offering of ex-voto
obj to gods, yield new information about the number of wives
and children in a family. One text of the Pre-Sargonic period '!3
names the votant, his wife, and eight children. The votant is a barber
by profession or occupation. The sex of his children is not apparent
from the Sumerian names they bear. The other text, from the Sargonic
period ''*, names the votant, who is a city scribe, his wife, and at
least eight children, of whom — to judge by their Sumerian names

 

 

 

 

at least four are male and four are female.

According to these two inscriptions, each family was monogamous
and it contained a larger than usual number of children. One has to
remember, however, that votive offerings were made by rather pros-
perous individuals, and the two families represented in the votive
inscriptions may have therefore occupied a higher than average
t

economic status.

 

Royal Family

We pass on to the consideration of the royal family. At first, the
structure of the royal family appears consistent with what we have
learned about the non-royal family from the two votive inscriptions.

""'S Published by V. Scuet, Tableue votive a Nin-subur, in RA 25 (1928), p. 37-38.
'™ Published by Fr. THUREAU-DANGIN, Notes assyriologiques. XVII. Un nouveau
roi de Guti?, in RA 9 (1912), p. 73-76.

 ",0,eng,93.7493838862434,False,1648426905.958354,1.75
2,"


66 J. GELB

By the time of the Ur III dynasty, we are faced with problems relating
to the number of wives and children

The so-called “family bas-reliefs” of Ur-Nanse, ruler of Lagash
in the Pre-Sargonic period ''®, show the representations and give the
names of his wife, seven or eight children, and of other individuals,
one of whom is a senior snake charmer, the other a scribe.

W.W. Hallo lists five children of Sargon and eight children of
Narfm-Sin in the Sargonic period ''®. He names one wife for each
of the five kings of the Third Dynasty of Ur and as many as 20
children of Sulgi!'7.

E. Sollberger discussed the children of the Ur HI kings and listed
as many as “‘54 princes et princesses” under the “descendance de
Sulgir” (= Sulgi), among them at least 18 children of Sulgi and at
least 18 children of Amar-Sin (= Bar-Sin), including 12 sons ''*.

Scholars, who must have noticed it, have been loath to comment
upon the great imbalance between a single royal wife and as many
as 18-20 children. As I see it, the two pertinent questions that should
be considered are the matter of secondary wives and the exact meaning
of dumu lugal and dumu-sAl lugal.

The first and most immediate interpretation is to assume that, beside
a reigning wife, the rulers of the Ur Ill dynasty had several con-
cubines'!, and all the many children of a king were the result of

 

 

his union with the reigning wife and other ladies. he other possibility

is not to take seriously the translation of dumu lugal as “the son
of the king” and of dumu-SAL lugal as “the daughter of the king”
and to look for a different interpretation.

Some years ago, Th. Jacobsen assumed that the royal titles dumu
lugal and dumu-SAL lugal are to be interpreted not as “son of
the [reigning] king” and “daughter of the [reigning] king”, but as

115 Fe, THUREAU-DANGIN, Die sumerischen und akkadischen Kénigsinschrifien (VAB
1), Leipzig, 1907 = E, SOLLBERGER, Corpus des inscriptions “royales” présargo-
niques de Lagas, Geneve, 1956, Urn. 20; E. SoLLHERGER and JR, Kure, Inscriptions
royales sumériennes et akkadiennes (LAPO 3), Paris, 1971, p. 45.

1 W.W, Hato. Women of Suner, in D. SCUMANDT-BEssERAT (ed.), The Legacy
of Sumer (Bibliotheca Mesopotamica 4), Malibu, 1976, p. 38

""7 Jhid., p. 39

118 E, SOLLBERGER, Sur la chronologic des rois d'Ur et quelques problémes connexes,
in A/O 17 (1954-56), p. 10-48 (see p. 21-22).

"" Lukur, for which cf. Sh. Th. KANG, Sumerian Economic Texts from the Drehem
Archive (Sumerian and Akkadian cuneiform texts in the Collection of the World
Heritage Museum of the University of Mlinois 1), Urbana, 1972, p. 2611 = BIN TIL
p. 20.

 

 ",0,eng,87.855951583878,False,1648426907.705292,1.75
3,"


 

 

HOUSEHOLD AND FAMILY IN EARLY MESOPOTAMIA 67

“son of a king” and “daughter of a king”, or simply “prince”? and
“princess”, respectively '?°,

During a discussion period at the Rencontre Assyriologique in
Munich in 1970 I made a statement that the meaning of dumu lugal
(and, similarly, dumu-sAL lugal) is not necessarily limited to the
sons (and daughters) of the reigning king but that it encompasses
other members of the royal family as well. I offered then my inter-
pretation on the basis of my experience with the meaning “sons of
the king” in the hieroglyphic Hittite texts. Indirect evidence in favor
of that assumption is found among the Hittites and Egyptians with
their extraordinary number of persons called “son of the king” or
“daughter of the king”. One pregnant example from the annals of
the Hittite king MurSili8 shows that a person called DUMU.LUGAL,
“son of the king”, was not a son of Muriilis, but his cousin !2!,
Bettina Schmitz dedicated an extensive monograph to the study of
the title “king’s son” and “king’s daughter” among the Egyptians '??.
The situation varies greatly from period to period, but what is
important is that, in varying situations, these titles may be applied
not only to the king’s real sons and daughters '?3, but also to other
close relatives of the king '?4, such as grandson '?5, mother !2°, and
even to persons of non-royal blood on whom the complimentary
title was bestowed '*’. Unfortunately, I know of no comparable
evidence from Mesopotamia that would clinch the exact meaning of
the Sumerian and Akkadian expressions that we habitually translate
as “king’s son” and “king’s daughter”. For the time being, I would

 

 

suggest the need for caution in interpreting these expressions too
literally,

This is what I wrote before I became acquainted with an article
by Fiorella Imparati'?*, in which the question of the “sons of the

king” among the Hittites was amply discussed. Relying on the same

 

 

""2° Th. JAcoBSEN, The Reign of Ibbi-Suen, in JC:

5 7 (1953), p. 36-47 (see p. 37, n. 6)
A. Gorrze, Die Annalen des Mursilis (MVAG 38), Leipzig, 1938, p. 152, lines
18-19, and similarly p. 192, lines 18-19, illustration cited courtesy Professor H.G
Giiterbock

""2B. Scumrz, Untersuchungen zum Titel Ss-NJSWT “Kénigssohn”, Bonn, 1976
Op. cit., passim : “gebiirtige, leibliche Kénigsséhne und Kénigstéchter™
24 Op. cit., p. 8
""25 Op. cit., p. 67f. and 101
Op. cit., p. 27.
""27 Op. cit. p. 31, 61, 84, 110, 113, ete: Titulaturprinzen” and “Titulatur-

prinzessinen™
128

 

   

   

 

 

Impanati, “Signori” ¢ “figli del re”, in Or 44 (1975), p. 80-95

 ",0,eng,88.03337834027778,False,1648426909.515209,1.75
4,"


 

68 LJ. GELB
example from the annals of MurSiliS'*? as the one cited just above,
she reached the conclusion that the use of the phrase is not limited
to the sons of the king, and then concluded on the basis of other
evidence that it may encompass high officia

 

is, not necessarily of royal
descent. She cited bibliography and gave a few examples suggesting
that the interpretation of “sons of the king” as high officials was at
home also in Egypt, Mari, Ugarit, and Palestine '*°. Rainey disputes
all evidence favoring the interpretation of ‘‘sons of the king” as
officials in the Old Testament and in Mari, Amarna, and Ugaritic
sources and limits its meaning to the princes of royal blood, especially
sons of the reigning king '*’.

 

 

The conclusion that can be drawn about the family of the two non-
royal votants (section 7.2.2) and of the royal family is that each con-
tained a larger number of children than posited for the families of
average- and low-status individuals in the sources a) to f), treated on
p. 60-65. This applies, of course, also to the Ur HI royal families,
since the phrases “‘sons of the king” and “daughters of the king”
should denote, in a majority of cases, the children of the reigning king.

7.2.4. Sale Contracts

Nothing in the sources treated heretofore indicates anything but
a nuclear type of family for average individuals, persons of higher
status, and royalty.

The existence of the extended type of family in early Mesopotamian
times up to and including the Sargonic period can be proved by the
analysis of the sale contracts on clay, which deal with various kinds
of property, such as land, houses, orchards, slaves. and animals, and
of the ancient kudurrus, which deal exclusively with land.

As can be seen from the charts (to be published in the kudurru
volume), giving a synopsis of all the sale contracts from the Fara,
Pre-Sargonic, Sargonic, and Ur HII periods, surprising results can be
obtained in respect to the number of sellers belonging to one kinship
grouping, as it varies from large to small between the Fara and Ur Ill
periods.

 

 

29 Art, cit., p. 91
130 Art. cit., p. 88-91
131 ALF, Rainey, in UF 7 (1975), p. 427-432.

PAD RATE

 

SEER

 ",0,eng,93.17282013089006,False,1648426911.042918,1.75
